county,year,evictions,black_evictions,renters,county_geoid,eviction_rate,black_eviction_rate,seniors_65plus,total_population,children_under18,median_income,total_owners,total_renters,white_renters,black_renters,native_renters,asian_renters,hispanic_renters,rent_burden,p_black_renters,p_white_renters,p_asian_renters,p_hispanic_renters,p_native_renters,p_renters,p_owners,p_seniors,p_children,rent_burden_ratio,displacement_risk_index
Adams,2016,82,2.404,2400,18001,0.034166666666666665,0.029317073170731706,NA,NA,NA,NA,NA,NA,NA,NA,NA,NA,NA,NA,NA,NA,NA,NA,NA,NA,NA,NA,NA,NA,NA
Adams,2017,75,0.7989999999999999,2400,18001,0.03125,0.010653333333333332,NA,NA,NA,NA,NA,NA,NA,NA,NA,NA,NA,NA,NA,NA,NA,NA,NA,NA,NA,NA,NA,NA,NA
Adams,2018,78,2.174,2400,18001,0.0325,0.02787179487179487,NA,NA,NA,NA,NA,NA,NA,NA,NA,NA,NA,NA,NA,NA,NA,NA,NA,NA,NA,NA,NA,NA,NA
Adams,2019,74,0.944,2400,18001,0.030833333333333334,0.012756756756756756,NA,NA,NA,NA,NA,NA,NA,NA,NA,NA,NA,NA,NA,NA,NA,NA,NA,NA,NA,NA,NA,NA,NA
Adams,2020,40,0.664,2400,18001,0.016666666666666666,0.0166,NA,NA,NA,NA,NA,NA,NA,NA,NA,NA,NA,NA,NA,NA,NA,NA,NA,NA,NA,NA,NA,NA,NA
Adams,2021,47,1.6720000000000002,2400,18001,0.019583333333333335,0.035574468085106385,NA,NA,NA,NA,NA,NA,NA,NA,NA,NA,NA,NA,NA,NA,NA,NA,NA,NA,NA,NA,NA,NA,NA
Adams,2022,26,0.082,2400,18001,0.010833333333333334,0.0031538461538461538,NA,NA,NA,NA,NA,NA,NA,NA,NA,NA,NA,NA,NA,NA,NA,NA,NA,NA,NA,NA,NA,NA,NA
Allen,2016,6095,2014.822,45902,18003,0.13278288527732995,0.33056964725184573,NA,NA,NA,NA,NA,NA,NA,NA,NA,NA,NA,NA,NA,NA,NA,NA,NA,NA,NA,NA,NA,NA,NA
Allen,2017,4956,1646.881,45902,18003,0.10796915167095116,0.33230044390637614,NA,NA,NA,NA,NA,NA,NA,NA,NA,NA,NA,NA,NA,NA,NA,NA,NA,NA,NA,NA,NA,NA,NA
Allen,2018,5024,1705.248,45902,18003,0.10945056860267527,0.3394203821656051,NA,NA,NA,NA,NA,NA,NA,NA,NA,NA,NA,NA,NA,NA,NA,NA,NA,NA,NA,NA,NA,NA,NA
Allen,2019,4820,1659.699,45902,18003,0.10500631780750294,0.3443358921161826,NA,NA,NA,NA,NA,NA,NA,NA,NA,NA,NA,NA,NA,NA,NA,NA,NA,NA,NA,NA,NA,NA,NA
Allen,2020,2981,929.148,45902,18003,0.06494270402161126,0.311690036900369,NA,NA,NA,NA,NA,NA,NA,NA,NA,NA,NA,NA,NA,NA,NA,NA,NA,NA,NA,NA,NA,NA,NA
Allen,2021,3212,938.925,45902,18003,0.0699751644808505,0.2923178704856787,NA,NA,NA,NA,NA,NA,NA,NA,NA,NA,NA,NA,NA,NA,NA,NA,NA,NA,NA,NA,NA,NA,NA
Allen,2022,3874,1317.389,45902,18003,0.08439719402204697,0.34005911202891065,NA,NA,NA,NA,NA,NA,NA,NA,NA,NA,NA,NA,NA,NA,NA,NA,NA,NA,NA,NA,NA,NA,NA
Bartholomew,2016,652,34.41,9560,18005,0.06820083682008368,0.052776073619631894,NA,NA,NA,NA,NA,NA,NA,NA,NA,NA,NA,NA,NA,NA,NA,NA,NA,NA,NA,NA,NA,NA,NA
Bartholomew,2017,646,31.208000000000002,9560,18005,0.06757322175732218,0.04830959752321982,NA,NA,NA,NA,NA,NA,NA,NA,NA,NA,NA,NA,NA,NA,NA,NA,NA,NA,NA,NA,NA,NA,NA
Bartholomew,2018,605,22.605,9560,18005,0.06328451882845189,0.03736363636363636,NA,NA,NA,NA,NA,NA,NA,NA,NA,NA,NA,NA,NA,NA,NA,NA,NA,NA,NA,NA,NA,NA,NA
Bartholomew,2019,620,29.979,9560,18005,0.06485355648535565,0.048353225806451613,NA,NA,NA,NA,NA,NA,NA,NA,NA,NA,NA,NA,NA,NA,NA,NA,NA,NA,NA,NA,NA,NA,NA
Bartholomew,2020,388,18.813,9560,18005,0.040585774058577405,0.048487113402061854,NA,NA,NA,NA,NA,NA,NA,NA,NA,NA,NA,NA,NA,NA,NA,NA,NA,NA,NA,NA,NA,NA,NA
Bartholomew,2021,449,17.824,9560,18005,0.04696652719665272,0.039697104677060134,NA,NA,NA,NA,NA,NA,NA,NA,NA,NA,NA,NA,NA,NA,NA,NA,NA,NA,NA,NA,NA,NA,NA
Bartholomew,2022,426,22.372,9560,18005,0.044560669456066945,0.05251643192488263,NA,NA,NA,NA,NA,NA,NA,NA,NA,NA,NA,NA,NA,NA,NA,NA,NA,NA,NA,NA,NA,NA,NA
Benton,2016,34,0.666,835,18007,0.0407185628742515,0.01958823529411765,NA,NA,NA,NA,NA,NA,NA,NA,NA,NA,NA,NA,NA,NA,NA,NA,NA,NA,NA,NA,NA,NA,NA
Benton,2017,34,0.397,835,18007,0.0407185628742515,0.011676470588235295,NA,NA,NA,NA,NA,NA,NA,NA,NA,NA,NA,NA,NA,NA,NA,NA,NA,NA,NA,NA,NA,NA,NA
Benton,2018,29,0.10300000000000001,835,18007,0.03473053892215569,0.0035517241379310347,NA,NA,NA,NA,NA,NA,NA,NA,NA,NA,NA,NA,NA,NA,NA,NA,NA,NA,NA,NA,NA,NA,NA
Benton,2019,29,0.243,835,18007,0.03473053892215569,0.008379310344827586,NA,NA,NA,NA,NA,NA,NA,NA,NA,NA,NA,NA,NA,NA,NA,NA,NA,NA,NA,NA,NA,NA,NA
Benton,2020,26,0.133,835,18007,0.031137724550898204,0.005115384615384615,NA,NA,NA,NA,NA,NA,NA,NA,NA,NA,NA,NA,NA,NA,NA,NA,NA,NA,NA,NA,NA,NA,NA
Benton,2021,27,0.094,835,18007,0.032335329341317366,0.0034814814814814817,NA,NA,NA,NA,NA,NA,NA,NA,NA,NA,NA,NA,NA,NA,NA,NA,NA,NA,NA,NA,NA,NA,NA
Benton,2022,18,0.045,835,18007,0.02155688622754491,0.0025,NA,NA,NA,NA,NA,NA,NA,NA,NA,NA,NA,NA,NA,NA,NA,NA,NA,NA,NA,NA,NA,NA,NA
Blackford,2016,61,0.847,1196,18009,0.05100334448160535,0.013885245901639344,NA,NA,NA,NA,NA,NA,NA,NA,NA,NA,NA,NA,NA,NA,NA,NA,NA,NA,NA,NA,NA,NA,NA
Blackford,2017,70,1.204,1196,18009,0.05852842809364549,0.0172,NA,NA,NA,NA,NA,NA,NA,NA,NA,NA,NA,NA,NA,NA,NA,NA,NA,NA,NA,NA,NA,NA,NA
Blackford,2018,90,0.75,1196,18009,0.07525083612040134,0.008333333333333333,NA,NA,NA,NA,NA,NA,NA,NA,NA,NA,NA,NA,NA,NA,NA,NA,NA,NA,NA,NA,NA,NA,NA
Blackford,2019,69,1.29,1196,18009,0.057692307692307696,0.018695652173913044,NA,NA,NA,NA,NA,NA,NA,NA,NA,NA,NA,NA,NA,NA,NA,NA,NA,NA,NA,NA,NA,NA,NA
Blackford,2020,41,0.147,1196,18009,0.034280936454849496,0.0035853658536585363,NA,NA,NA,NA,NA,NA,NA,NA,NA,NA,NA,NA,NA,NA,NA,NA,NA,NA,NA,NA,NA,NA,NA
Blackford,2021,55,0.258,1196,18009,0.04598662207357859,0.004690909090909091,NA,NA,NA,NA,NA,NA,NA,NA,NA,NA,NA,NA,NA,NA,NA,NA,NA,NA,NA,NA,NA,NA,NA
Blackford,2022,57,0.356,1196,18009,0.047658862876254184,0.006245614035087719,NA,NA,NA,NA,NA,NA,NA,NA,NA,NA,NA,NA,NA,NA,NA,NA,NA,NA,NA,NA,NA,NA,NA
Boone,2016,403,12.454,5388,18011,0.07479584261321455,0.030903225806451613,NA,NA,NA,NA,NA,NA,NA,NA,NA,NA,NA,NA,NA,NA,NA,NA,NA,NA,NA,NA,NA,NA,NA
Boone,2017,364,12.396,5388,18011,0.06755753526354863,0.03405494505494506,NA,NA,NA,NA,NA,NA,NA,NA,NA,NA,NA,NA,NA,NA,NA,NA,NA,NA,NA,NA,NA,NA,NA
Boone,2018,327,21.196,5388,18011,0.060690423162583516,0.06481957186544343,NA,NA,NA,NA,NA,NA,NA,NA,NA,NA,NA,NA,NA,NA,NA,NA,NA,NA,NA,NA,NA,NA,NA
Boone,2019,306,8.869,5388,18011,0.05679287305122494,0.028983660130718954,NA,NA,NA,NA,NA,NA,NA,NA,NA,NA,NA,NA,NA,NA,NA,NA,NA,NA,NA,NA,NA,NA,NA
Boone,2020,179,7.237,5388,18011,0.033221974758723086,0.04043016759776536,NA,NA,NA,NA,NA,NA,NA,NA,NA,NA,NA,NA,NA,NA,NA,NA,NA,NA,NA,NA,NA,NA,NA
Boone,2021,201,7.337000000000001,5388,18011,0.037305122494432075,0.03650248756218906,NA,NA,NA,NA,NA,NA,NA,NA,NA,NA,NA,NA,NA,NA,NA,NA,NA,NA,NA,NA,NA,NA,NA
Boone,2022,225,12.049,5388,18011,0.04175946547884187,0.05355111111111111,NA,NA,NA,NA,NA,NA,NA,NA,NA,NA,NA,NA,NA,NA,NA,NA,NA,NA,NA,NA,NA,NA,NA
Brown,2016,39,0.195,886,18013,0.04401805869074492,0.005,NA,NA,NA,NA,NA,NA,NA,NA,NA,NA,NA,NA,NA,NA,NA,NA,NA,NA,NA,NA,NA,NA,NA
Brown,2017,30,0.101,886,18013,0.033860045146726865,0.0033666666666666667,NA,NA,NA,NA,NA,NA,NA,NA,NA,NA,NA,NA,NA,NA,NA,NA,NA,NA,NA,NA,NA,NA,NA
Brown,2018,35,0.079,886,18013,0.039503386004514675,0.0022571428571428573,NA,NA,NA,NA,NA,NA,NA,NA,NA,NA,NA,NA,NA,NA,NA,NA,NA,NA,NA,NA,NA,NA,NA
Brown,2019,40,0.145,886,18013,0.045146726862302484,0.0036249999999999998,NA,NA,NA,NA,NA,NA,NA,NA,NA,NA,NA,NA,NA,NA,NA,NA,NA,NA,NA,NA,NA,NA,NA
Brown,2020,16,0.058,886,18013,0.01805869074492099,0.003625,NA,NA,NA,NA,NA,NA,NA,NA,NA,NA,NA,NA,NA,NA,NA,NA,NA,NA,NA,NA,NA,NA,NA
Brown,2021,39,0.151,886,18013,0.04401805869074492,0.0038717948717948716,NA,NA,NA,NA,NA,NA,NA,NA,NA,NA,NA,NA,NA,NA,NA,NA,NA,NA,NA,NA,NA,NA,NA
Brown,2022,26,0.138,886,18013,0.029345372460496615,0.005307692307692308,NA,NA,NA,NA,NA,NA,NA,NA,NA,NA,NA,NA,NA,NA,NA,NA,NA,NA,NA,NA,NA,NA,NA
Carroll,2016,71,1.036,1545,18015,0.045954692556634306,0.014591549295774648,NA,NA,NA,NA,NA,NA,NA,NA,NA,NA,NA,NA,NA,NA,NA,NA,NA,NA,NA,NA,NA,NA,NA
Carroll,2017,91,1.125,1545,18015,0.05889967637540453,0.012362637362637362,NA,NA,NA,NA,NA,NA,NA,NA,NA,NA,NA,NA,NA,NA,NA,NA,NA,NA,NA,NA,NA,NA,NA
Carroll,2018,106,1.008,1545,18015,0.0686084142394822,0.009509433962264151,NA,NA,NA,NA,NA,NA,NA,NA,NA,NA,NA,NA,NA,NA,NA,NA,NA,NA,NA,NA,NA,NA,NA
Carroll,2019,83,1.573,1545,18015,0.05372168284789644,0.018951807228915662,NA,NA,NA,NA,NA,NA,NA,NA,NA,NA,NA,NA,NA,NA,NA,NA,NA,NA,NA,NA,NA,NA,NA
Carroll,2020,46,1.43,1545,18015,0.02977346278317152,0.03108695652173913,NA,NA,NA,NA,NA,NA,NA,NA,NA,NA,NA,NA,NA,NA,NA,NA,NA,NA,NA,NA,NA,NA,NA
Carroll,2021,59,1.387,1545,18015,0.038187702265372166,0.023508474576271185,NA,NA,NA,NA,NA,NA,NA,NA,NA,NA,NA,NA,NA,NA,NA,NA,NA,NA,NA,NA,NA,NA,NA
Carroll,2022,51,0.7260000000000001,1545,18015,0.03300970873786408,0.014235294117647061,NA,NA,NA,NA,NA,NA,NA,NA,NA,NA,NA,NA,NA,NA,NA,NA,NA,NA,NA,NA,NA,NA,NA
Cass,2016,49,2.176,3846,18017,0.012740509620384815,0.044408163265306125,NA,NA,NA,NA,NA,NA,NA,NA,NA,NA,NA,NA,NA,NA,NA,NA,NA,NA,NA,NA,NA,NA,NA
Cass,2017,68,1.7650000000000001,3846,18017,0.01768070722828913,0.02595588235294118,NA,NA,NA,NA,NA,NA,NA,NA,NA,NA,NA,NA,NA,NA,NA,NA,NA,NA,NA,NA,NA,NA,NA
Cass,2018,88,3.2199999999999998,3846,18017,0.022880915236609463,0.03659090909090909,NA,NA,NA,NA,NA,NA,NA,NA,NA,NA,NA,NA,NA,NA,NA,NA,NA,NA,NA,NA,NA,NA,NA
Cass,2019,100,5.192,3846,18017,0.026001040041601663,0.05192,NA,NA,NA,NA,NA,NA,NA,NA,NA,NA,NA,NA,NA,NA,NA,NA,NA,NA,NA,NA,NA,NA,NA
Cass,2020,144,5.016,3846,18017,0.0374414976599064,0.034833333333333334,NA,NA,NA,NA,NA,NA,NA,NA,NA,NA,NA,NA,NA,NA,NA,NA,NA,NA,NA,NA,NA,NA,NA
Cass,2021,188,8.45,3846,18017,0.048881955278211126,0.04494680851063829,NA,NA,NA,NA,NA,NA,NA,NA,NA,NA,NA,NA,NA,NA,NA,NA,NA,NA,NA,NA,NA,NA,NA
Cass,2022,218,8.439,3846,18017,0.056682267290691625,0.038711009174311924,NA,NA,NA,NA,NA,NA,NA,NA,NA,NA,NA,NA,NA,NA,NA,NA,NA,NA,NA,NA,NA,NA,NA
Clark,2016,1174,224.917,12220,18019,0.0960720130932897,0.1915817717206133,NA,NA,NA,NA,NA,NA,NA,NA,NA,NA,NA,NA,NA,NA,NA,NA,NA,NA,NA,NA,NA,NA,NA
Clark,2017,1108,213.705,12220,18019,0.090671031096563,0.1928745487364621,NA,NA,NA,NA,NA,NA,NA,NA,NA,NA,NA,NA,NA,NA,NA,NA,NA,NA,NA,NA,NA,NA,NA
Clark,2018,1303,255.684,12220,18019,0.10662847790507365,0.19622716807367613,NA,NA,NA,NA,NA,NA,NA,NA,NA,NA,NA,NA,NA,NA,NA,NA,NA,NA,NA,NA,NA,NA,NA
Clark,2019,1210,214.194,12220,18019,0.09901800327332243,0.17701983471074378,NA,NA,NA,NA,NA,NA,NA,NA,NA,NA,NA,NA,NA,NA,NA,NA,NA,NA,NA,NA,NA,NA,NA
Clark,2020,667,131.645,12220,18019,0.05458265139116203,0.1973688155922039,NA,NA,NA,NA,NA,NA,NA,NA,NA,NA,NA,NA,NA,NA,NA,NA,NA,NA,NA,NA,NA,NA,NA
Clark,2021,1168,225.471,12220,18019,0.0955810147299509,0.1930402397260274,NA,NA,NA,NA,NA,NA,NA,NA,NA,NA,NA,NA,NA,NA,NA,NA,NA,NA,NA,NA,NA,NA,NA
Clark,2022,1210,232.112,12220,18019,0.09901800327332243,0.1918280991735537,NA,NA,NA,NA,NA,NA,NA,NA,NA,NA,NA,NA,NA,NA,NA,NA,NA,NA,NA,NA,NA,NA,NA
Clay,2016,115,1.701,2299,18021,0.05002174858634189,0.014791304347826087,NA,NA,NA,NA,NA,NA,NA,NA,NA,NA,NA,NA,NA,NA,NA,NA,NA,NA,NA,NA,NA,NA,NA
Clay,2017,96,0.682,2299,18021,0.041757285776424534,0.0071041666666666675,NA,NA,NA,NA,NA,NA,NA,NA,NA,NA,NA,NA,NA,NA,NA,NA,NA,NA,NA,NA,NA,NA,NA
Clay,2018,119,1.095,2299,18021,0.05176163549369291,0.009201680672268907,NA,NA,NA,NA,NA,NA,NA,NA,NA,NA,NA,NA,NA,NA,NA,NA,NA,NA,NA,NA,NA,NA,NA
Clay,2019,126,0.742,2299,18021,0.0548064375815572,0.005888888888888889,NA,NA,NA,NA,NA,NA,NA,NA,NA,NA,NA,NA,NA,NA,NA,NA,NA,NA,NA,NA,NA,NA,NA
Clay,2020,62,0.8220000000000001,2299,18021,0.026968247063940843,0.013258064516129034,NA,NA,NA,NA,NA,NA,NA,NA,NA,NA,NA,NA,NA,NA,NA,NA,NA,NA,NA,NA,NA,NA,NA
Clay,2021,79,0.657,2299,18021,0.03436276642018269,0.008316455696202532,NA,NA,NA,NA,NA,NA,NA,NA,NA,NA,NA,NA,NA,NA,NA,NA,NA,NA,NA,NA,NA,NA,NA
Clay,2022,100,0.895,2299,18021,0.04349717268377556,0.00895,NA,NA,NA,NA,NA,NA,NA,NA,NA,NA,NA,NA,NA,NA,NA,NA,NA,NA,NA,NA,NA,NA,NA
Clinton,2016,281,3.518,3375,18023,0.08325925925925926,0.012519572953736654,NA,NA,NA,NA,NA,NA,NA,NA,NA,NA,NA,NA,NA,NA,NA,NA,NA,NA,NA,NA,NA,NA,NA
Clinton,2017,363,5.172,3375,18023,0.10755555555555556,0.01424793388429752,NA,NA,NA,NA,NA,NA,NA,NA,NA,NA,NA,NA,NA,NA,NA,NA,NA,NA,NA,NA,NA,NA,NA
Clinton,2018,299,9.435,3375,18023,0.0885925925925926,0.0315551839464883,NA,NA,NA,NA,NA,NA,NA,NA,NA,NA,NA,NA,NA,NA,NA,NA,NA,NA,NA,NA,NA,NA,NA
Clinton,2019,319,6.633,3375,18023,0.09451851851851852,0.02079310344827586,NA,NA,NA,NA,NA,NA,NA,NA,NA,NA,NA,NA,NA,NA,NA,NA,NA,NA,NA,NA,NA,NA,NA
Clinton,2020,201,3.079,3375,18023,0.059555555555555556,0.015318407960199006,NA,NA,NA,NA,NA,NA,NA,NA,NA,NA,NA,NA,NA,NA,NA,NA,NA,NA,NA,NA,NA,NA,NA
Clinton,2021,198,5.611,3375,18023,0.058666666666666666,0.028338383838383836,NA,NA,NA,NA,NA,NA,NA,NA,NA,NA,NA,NA,NA,NA,NA,NA,NA,NA,NA,NA,NA,NA,NA
Clinton,2022,221,5.0200000000000005,3375,18023,0.06548148148148149,0.022714932126696834,NA,NA,NA,NA,NA,NA,NA,NA,NA,NA,NA,NA,NA,NA,NA,NA,NA,NA,NA,NA,NA,NA,NA
Crawford,2016,9,0.041,751,18025,0.011984021304926764,0.004555555555555556,NA,NA,NA,NA,NA,NA,NA,NA,NA,NA,NA,NA,NA,NA,NA,NA,NA,NA,NA,NA,NA,NA,NA
Crawford,2017,29,0.079,751,18025,0.03861517976031957,0.0027241379310344828,NA,NA,NA,NA,NA,NA,NA,NA,NA,NA,NA,NA,NA,NA,NA,NA,NA,NA,NA,NA,NA,NA,NA
Crawford,2018,24,0.307,751,18025,0.03195739014647137,0.012791666666666666,NA,NA,NA,NA,NA,NA,NA,NA,NA,NA,NA,NA,NA,NA,NA,NA,NA,NA,NA,NA,NA,NA,NA
Crawford,2019,25,0.093,751,18025,0.033288948069241014,0.0037199999999999998,NA,NA,NA,NA,NA,NA,NA,NA,NA,NA,NA,NA,NA,NA,NA,NA,NA,NA,NA,NA,NA,NA,NA
Crawford,2020,25,0.34500000000000003,751,18025,0.033288948069241014,0.013800000000000002,NA,NA,NA,NA,NA,NA,NA,NA,NA,NA,NA,NA,NA,NA,NA,NA,NA,NA,NA,NA,NA,NA,NA
Crawford,2021,30,0.041999999999999996,751,18025,0.03994673768308921,0.0013999999999999998,NA,NA,NA,NA,NA,NA,NA,NA,NA,NA,NA,NA,NA,NA,NA,NA,NA,NA,NA,NA,NA,NA,NA
Crawford,2022,24,0.245,751,18025,0.03195739014647137,0.010208333333333333,NA,NA,NA,NA,NA,NA,NA,NA,NA,NA,NA,NA,NA,NA,NA,NA,NA,NA,NA,NA,NA,NA,NA
Daviess,2016,66,4.3870000000000005,3526,18027,0.01871809415768576,0.06646969696969697,NA,NA,NA,NA,NA,NA,NA,NA,NA,NA,NA,NA,NA,NA,NA,NA,NA,NA,NA,NA,NA,NA,NA
Daviess,2017,65,6.735,3526,18027,0.0184344866704481,0.10361538461538462,NA,NA,NA,NA,NA,NA,NA,NA,NA,NA,NA,NA,NA,NA,NA,NA,NA,NA,NA,NA,NA,NA,NA
Daviess,2018,83,3.985,3526,18027,0.023539421440726037,0.048012048192771085,NA,NA,NA,NA,NA,NA,NA,NA,NA,NA,NA,NA,NA,NA,NA,NA,NA,NA,NA,NA,NA,NA,NA
Daviess,2019,72,5.61,3526,18027,0.02041973908111174,0.07791666666666668,NA,NA,NA,NA,NA,NA,NA,NA,NA,NA,NA,NA,NA,NA,NA,NA,NA,NA,NA,NA,NA,NA,NA
Daviess,2020,43,1.112,3526,18027,0.012195121951219513,0.025860465116279072,NA,NA,NA,NA,NA,NA,NA,NA,NA,NA,NA,NA,NA,NA,NA,NA,NA,NA,NA,NA,NA,NA,NA
Daviess,2021,73,5.498,3526,18027,0.020703346568349403,0.07531506849315069,NA,NA,NA,NA,NA,NA,NA,NA,NA,NA,NA,NA,NA,NA,NA,NA,NA,NA,NA,NA,NA,NA,NA
Daviess,2022,38,1.384,3526,18027,0.010777084515031198,0.036421052631578944,NA,NA,NA,NA,NA,NA,NA,NA,NA,NA,NA,NA,NA,NA,NA,NA,NA,NA,NA,NA,NA,NA,NA
DeKalb,2016,610,4.137,3210,18033,0.19003115264797507,0.006781967213114753,NA,NA,NA,NA,NA,NA,NA,NA,NA,NA,NA,NA,NA,NA,NA,NA,NA,NA,NA,NA,NA,NA,NA
DeKalb,2017,520,6.417,3210,18033,0.16199376947040497,0.012340384615384614,NA,NA,NA,NA,NA,NA,NA,NA,NA,NA,NA,NA,NA,NA,NA,NA,NA,NA,NA,NA,NA,NA,NA
DeKalb,2018,486,2.89,3210,18033,0.15140186915887852,0.005946502057613169,NA,NA,NA,NA,NA,NA,NA,NA,NA,NA,NA,NA,NA,NA,NA,NA,NA,NA,NA,NA,NA,NA,NA
DeKalb,2019,490,3.589,3210,18033,0.1526479750778816,0.007324489795918368,NA,NA,NA,NA,NA,NA,NA,NA,NA,NA,NA,NA,NA,NA,NA,NA,NA,NA,NA,NA,NA,NA,NA
DeKalb,2020,232,2.012,3210,18033,0.07227414330218068,0.008672413793103448,NA,NA,NA,NA,NA,NA,NA,NA,NA,NA,NA,NA,NA,NA,NA,NA,NA,NA,NA,NA,NA,NA,NA
DeKalb,2021,289,2.325,3210,18033,0.09003115264797508,0.008044982698961938,NA,NA,NA,NA,NA,NA,NA,NA,NA,NA,NA,NA,NA,NA,NA,NA,NA,NA,NA,NA,NA,NA,NA
DeKalb,2022,259,2.192,3210,18033,0.08068535825545171,0.008463320463320463,NA,NA,NA,NA,NA,NA,NA,NA,NA,NA,NA,NA,NA,NA,NA,NA,NA,NA,NA,NA,NA,NA,NA
Dearborn,2016,8,0.044,3334,18029,0.0023995200959808036,0.0055,NA,NA,NA,NA,NA,NA,NA,NA,NA,NA,NA,NA,NA,NA,NA,NA,NA,NA,NA,NA,NA,NA,NA
Dearborn,2017,103,1.193,3334,18029,0.03089382123575285,0.01158252427184466,NA,NA,NA,NA,NA,NA,NA,NA,NA,NA,NA,NA,NA,NA,NA,NA,NA,NA,NA,NA,NA,NA,NA
Dearborn,2018,174,2.301,3334,18029,0.052189562087582485,0.013224137931034484,NA,NA,NA,NA,NA,NA,NA,NA,NA,NA,NA,NA,NA,NA,NA,NA,NA,NA,NA,NA,NA,NA,NA
Dearborn,2019,222,3.4650000000000003,3334,18029,0.0665866826634673,0.01560810810810811,NA,NA,NA,NA,NA,NA,NA,NA,NA,NA,NA,NA,NA,NA,NA,NA,NA,NA,NA,NA,NA,NA,NA
Dearborn,2020,179,1.7990000000000002,3334,18029,0.053689262147570485,0.01005027932960894,NA,NA,NA,NA,NA,NA,NA,NA,NA,NA,NA,NA,NA,NA,NA,NA,NA,NA,NA,NA,NA,NA,NA
Dearborn,2021,161,2.339,3334,18029,0.048290341931613676,0.014527950310559007,NA,NA,NA,NA,NA,NA,NA,NA,NA,NA,NA,NA,NA,NA,NA,NA,NA,NA,NA,NA,NA,NA,NA
Dearborn,2022,129,1.185,3334,18029,0.03869226154769046,0.009186046511627908,NA,NA,NA,NA,NA,NA,NA,NA,NA,NA,NA,NA,NA,NA,NA,NA,NA,NA,NA,NA,NA,NA,NA
Decatur,2016,157,1.976,2900,18031,0.05413793103448276,0.012585987261146497,NA,NA,NA,NA,NA,NA,NA,NA,NA,NA,NA,NA,NA,NA,NA,NA,NA,NA,NA,NA,NA,NA,NA
Decatur,2017,160,0.802,2900,18031,0.05517241379310345,0.0050125000000000005,NA,NA,NA,NA,NA,NA,NA,NA,NA,NA,NA,NA,NA,NA,NA,NA,NA,NA,NA,NA,NA,NA,NA
Decatur,2018,199,0.976,2900,18031,0.06862068965517241,0.0049045226130653265,NA,NA,NA,NA,NA,NA,NA,NA,NA,NA,NA,NA,NA,NA,NA,NA,NA,NA,NA,NA,NA,NA,NA
Decatur,2019,176,0.775,2900,18031,0.060689655172413794,0.004403409090909091,NA,NA,NA,NA,NA,NA,NA,NA,NA,NA,NA,NA,NA,NA,NA,NA,NA,NA,NA,NA,NA,NA,NA
Decatur,2020,108,0.456,2900,18031,0.037241379310344824,0.004222222222222223,NA,NA,NA,NA,NA,NA,NA,NA,NA,NA,NA,NA,NA,NA,NA,NA,NA,NA,NA,NA,NA,NA,NA
Decatur,2021,136,0.958,2900,18031,0.04689655172413793,0.007044117647058823,NA,NA,NA,NA,NA,NA,NA,NA,NA,NA,NA,NA,NA,NA,NA,NA,NA,NA,NA,NA,NA,NA,NA
Decatur,2022,122,1.204,2900,18031,0.04206896551724138,0.009868852459016393,NA,NA,NA,NA,NA,NA,NA,NA,NA,NA,NA,NA,NA,NA,NA,NA,NA,NA,NA,NA,NA,NA,NA
Delaware,2016,1119,189.936,15989,18035,0.0699856151103884,0.1697372654155496,NA,NA,NA,NA,NA,NA,NA,NA,NA,NA,NA,NA,NA,NA,NA,NA,NA,NA,NA,NA,NA,NA,NA
Delaware,2017,1124,224.657,15989,18035,0.07029833010194508,0.19987277580071175,NA,NA,NA,NA,NA,NA,NA,NA,NA,NA,NA,NA,NA,NA,NA,NA,NA,NA,NA,NA,NA,NA,NA
Delaware,2018,1054,194.55,15989,18035,0.06592032022015136,0.18458254269449717,NA,NA,NA,NA,NA,NA,NA,NA,NA,NA,NA,NA,NA,NA,NA,NA,NA,NA,NA,NA,NA,NA,NA
Delaware,2019,1154,217.262,15989,18035,0.07217462005128526,0.1882686308492201,NA,NA,NA,NA,NA,NA,NA,NA,NA,NA,NA,NA,NA,NA,NA,NA,NA,NA,NA,NA,NA,NA,NA
Delaware,2020,663,121.761,15989,18035,0.041466007880417786,0.18365158371040724,NA,NA,NA,NA,NA,NA,NA,NA,NA,NA,NA,NA,NA,NA,NA,NA,NA,NA,NA,NA,NA,NA,NA
Delaware,2021,854,134.682,15989,18035,0.05341172055788355,0.15770725995316157,NA,NA,NA,NA,NA,NA,NA,NA,NA,NA,NA,NA,NA,NA,NA,NA,NA,NA,NA,NA,NA,NA,NA
Delaware,2022,775,137.75300000000001,15989,18035,0.04847082369128776,0.17774580645161292,NA,NA,NA,NA,NA,NA,NA,NA,NA,NA,NA,NA,NA,NA,NA,NA,NA,NA,NA,NA,NA,NA,NA
Dubois,2016,152,1.629,3802,18037,0.039978958442924775,0.010717105263157894,NA,NA,NA,NA,NA,NA,NA,NA,NA,NA,NA,NA,NA,NA,NA,NA,NA,NA,NA,NA,NA,NA,NA
Dubois,2017,158,1.948,3802,18037,0.041557075223566546,0.012329113924050632,NA,NA,NA,NA,NA,NA,NA,NA,NA,NA,NA,NA,NA,NA,NA,NA,NA,NA,NA,NA,NA,NA,NA
Dubois,2018,163,2.383,3802,18037,0.042872172540768014,0.01461963190184049,NA,NA,NA,NA,NA,NA,NA,NA,NA,NA,NA,NA,NA,NA,NA,NA,NA,NA,NA,NA,NA,NA,NA
Dubois,2019,146,1.1700000000000002,3802,18037,0.03840084166228301,0.008013698630136987,NA,NA,NA,NA,NA,NA,NA,NA,NA,NA,NA,NA,NA,NA,NA,NA,NA,NA,NA,NA,NA,NA,NA
Dubois,2020,83,1.87,3802,18037,0.02183061546554445,0.022530120481927714,NA,NA,NA,NA,NA,NA,NA,NA,NA,NA,NA,NA,NA,NA,NA,NA,NA,NA,NA,NA,NA,NA,NA
Dubois,2021,108,1.526,3802,18037,0.028406102051551814,0.01412962962962963,NA,NA,NA,NA,NA,NA,NA,NA,NA,NA,NA,NA,NA,NA,NA,NA,NA,NA,NA,NA,NA,NA,NA
Dubois,2022,124,1.8110000000000002,3802,18037,0.03261441346659653,0.014604838709677421,NA,NA,NA,NA,NA,NA,NA,NA,NA,NA,NA,NA,NA,NA,NA,NA,NA,NA,NA,NA,NA,NA,NA
Elkhart,2016,2948,552.469,20311,18039,0.14514302594653145,0.18740468113975578,NA,NA,NA,NA,NA,NA,NA,NA,NA,NA,NA,NA,NA,NA,NA,NA,NA,NA,NA,NA,NA,NA,NA
Elkhart,2017,2668,432.65,20311,18039,0.13135739254591108,0.16216266866566717,NA,NA,NA,NA,NA,NA,NA,NA,NA,NA,NA,NA,NA,NA,NA,NA,NA,NA,NA,NA,NA,NA,NA
Elkhart,2018,2891,443.536,20311,18039,0.14233666486140514,0.1534195780006918,NA,NA,NA,NA,NA,NA,NA,NA,NA,NA,NA,NA,NA,NA,NA,NA,NA,NA,NA,NA,NA,NA,NA
Elkhart,2019,2549,386.091,20311,18039,0.12549849835064744,0.15146763436641822,NA,NA,NA,NA,NA,NA,NA,NA,NA,NA,NA,NA,NA,NA,NA,NA,NA,NA,NA,NA,NA,NA,NA
Elkhart,2020,1334,212.806,20311,18039,0.06567869627295554,0.1595247376311844,NA,NA,NA,NA,NA,NA,NA,NA,NA,NA,NA,NA,NA,NA,NA,NA,NA,NA,NA,NA,NA,NA,NA
Elkhart,2021,1759,277.762,20311,18039,0.08660331839889715,0.15790903922683344,NA,NA,NA,NA,NA,NA,NA,NA,NA,NA,NA,NA,NA,NA,NA,NA,NA,NA,NA,NA,NA,NA,NA
Elkhart,2022,2122,338.155,20311,18039,0.10447540741470139,0.15935673892554192,NA,NA,NA,NA,NA,NA,NA,NA,NA,NA,NA,NA,NA,NA,NA,NA,NA,NA,NA,NA,NA,NA,NA
Fayette,2016,194,3.669,3029,18041,0.06404754044239022,0.018912371134020618,NA,NA,NA,NA,NA,NA,NA,NA,NA,NA,NA,NA,NA,NA,NA,NA,NA,NA,NA,NA,NA,NA,NA
Fayette,2017,193,5.806,3029,18041,0.06371739848134698,0.030082901554404146,NA,NA,NA,NA,NA,NA,NA,NA,NA,NA,NA,NA,NA,NA,NA,NA,NA,NA,NA,NA,NA,NA,NA
Fayette,2018,192,4.965,3029,18041,0.06338725652030373,0.025859375,NA,NA,NA,NA,NA,NA,NA,NA,NA,NA,NA,NA,NA,NA,NA,NA,NA,NA,NA,NA,NA,NA,NA
Fayette,2019,186,3.522,3029,18041,0.06140640475404424,0.018935483870967742,NA,NA,NA,NA,NA,NA,NA,NA,NA,NA,NA,NA,NA,NA,NA,NA,NA,NA,NA,NA,NA,NA,NA
Fayette,2020,185,3.021,3029,18041,0.06107626279300099,0.01632972972972973,NA,NA,NA,NA,NA,NA,NA,NA,NA,NA,NA,NA,NA,NA,NA,NA,NA,NA,NA,NA,NA,NA,NA
Fayette,2021,170,3.46,3029,18041,0.05612413337735226,0.020352941176470588,NA,NA,NA,NA,NA,NA,NA,NA,NA,NA,NA,NA,NA,NA,NA,NA,NA,NA,NA,NA,NA,NA,NA
Fayette,2022,178,3.608,3029,18041,0.05876526906569825,0.020269662921348314,NA,NA,NA,NA,NA,NA,NA,NA,NA,NA,NA,NA,NA,NA,NA,NA,NA,NA,NA,NA,NA,NA,NA
Floyd,2016,619,87.194,7745,18043,0.07992253066494513,0.1408626817447496,NA,NA,NA,NA,NA,NA,NA,NA,NA,NA,NA,NA,NA,NA,NA,NA,NA,NA,NA,NA,NA,NA,NA
Floyd,2017,549,58.563,7745,18043,0.07088444157520982,0.10667213114754098,NA,NA,NA,NA,NA,NA,NA,NA,NA,NA,NA,NA,NA,NA,NA,NA,NA,NA,NA,NA,NA,NA,NA
Floyd,2018,568,67.083,7745,18043,0.07333763718528083,0.11810387323943662,NA,NA,NA,NA,NA,NA,NA,NA,NA,NA,NA,NA,NA,NA,NA,NA,NA,NA,NA,NA,NA,NA,NA
Floyd,2019,563,76.42699999999999,7745,18043,0.07269205939315687,0.13574955595026642,NA,NA,NA,NA,NA,NA,NA,NA,NA,NA,NA,NA,NA,NA,NA,NA,NA,NA,NA,NA,NA,NA,NA
Floyd,2020,345,43.357,7745,18043,0.04454486765655261,0.12567246376811594,NA,NA,NA,NA,NA,NA,NA,NA,NA,NA,NA,NA,NA,NA,NA,NA,NA,NA,NA,NA,NA,NA,NA
Floyd,2021,683,110.584,7745,18043,0.0881859264041317,0.16190922401171304,NA,NA,NA,NA,NA,NA,NA,NA,NA,NA,NA,NA,NA,NA,NA,NA,NA,NA,NA,NA,NA,NA,NA
Floyd,2022,703,117.024,7745,18043,0.0907682375726275,0.1664637268847795,NA,NA,NA,NA,NA,NA,NA,NA,NA,NA,NA,NA,NA,NA,NA,NA,NA,NA,NA,NA,NA,NA,NA
Fountain,2016,23,0.161,1728,18045,0.013310185185185185,0.007,NA,NA,NA,NA,NA,NA,NA,NA,NA,NA,NA,NA,NA,NA,NA,NA,NA,NA,NA,NA,NA,NA,NA
Fountain,2017,18,0.041,1728,18045,0.010416666666666666,0.002277777777777778,NA,NA,NA,NA,NA,NA,NA,NA,NA,NA,NA,NA,NA,NA,NA,NA,NA,NA,NA,NA,NA,NA,NA
Fountain,2018,22,0.06999999999999999,1728,18045,0.01273148148148148,0.0031818181818181815,NA,NA,NA,NA,NA,NA,NA,NA,NA,NA,NA,NA,NA,NA,NA,NA,NA,NA,NA,NA,NA,NA,NA
Fountain,2019,45,0.154,1728,18045,0.026041666666666668,0.0034222222222222223,NA,NA,NA,NA,NA,NA,NA,NA,NA,NA,NA,NA,NA,NA,NA,NA,NA,NA,NA,NA,NA,NA,NA
Fountain,2020,25,0.055,1728,18045,0.014467592592592593,0.0022,NA,NA,NA,NA,NA,NA,NA,NA,NA,NA,NA,NA,NA,NA,NA,NA,NA,NA,NA,NA,NA,NA,NA
Fountain,2021,61,0.121,1728,18045,0.03530092592592592,0.001983606557377049,NA,NA,NA,NA,NA,NA,NA,NA,NA,NA,NA,NA,NA,NA,NA,NA,NA,NA,NA,NA,NA,NA,NA
Fountain,2022,51,0.616,1728,18045,0.029513888888888888,0.01207843137254902,NA,NA,NA,NA,NA,NA,NA,NA,NA,NA,NA,NA,NA,NA,NA,NA,NA,NA,NA,NA,NA,NA,NA
Franklin,2016,4,0,1638,18047,0.002442002442002442,0,NA,NA,NA,NA,NA,NA,NA,NA,NA,NA,NA,NA,NA,NA,NA,NA,NA,NA,NA,NA,NA,NA,NA
Franklin,2017,10,0.008,1638,18047,0.006105006105006105,8e-4,NA,NA,NA,NA,NA,NA,NA,NA,NA,NA,NA,NA,NA,NA,NA,NA,NA,NA,NA,NA,NA,NA,NA
Franklin,2018,6,0.003,1638,18047,0.003663003663003663,5e-4,NA,NA,NA,NA,NA,NA,NA,NA,NA,NA,NA,NA,NA,NA,NA,NA,NA,NA,NA,NA,NA,NA,NA
Franklin,2019,18,0.008,1638,18047,0.01098901098901099,4.4444444444444447e-4,NA,NA,NA,NA,NA,NA,NA,NA,NA,NA,NA,NA,NA,NA,NA,NA,NA,NA,NA,NA,NA,NA,NA
Franklin,2020,11,0.034,1638,18047,0.006715506715506716,0.003090909090909091,NA,NA,NA,NA,NA,NA,NA,NA,NA,NA,NA,NA,NA,NA,NA,NA,NA,NA,NA,NA,NA,NA,NA
Franklin,2021,17,0.017,1638,18047,0.010378510378510378,0.001,NA,NA,NA,NA,NA,NA,NA,NA,NA,NA,NA,NA,NA,NA,NA,NA,NA,NA,NA,NA,NA,NA,NA
Franklin,2022,24,0.024,1638,18047,0.014652014652014652,0.001,NA,NA,NA,NA,NA,NA,NA,NA,NA,NA,NA,NA,NA,NA,NA,NA,NA,NA,NA,NA,NA,NA,NA
Fulton,2016,84,0.771,1833,18049,0.04582651391162029,0.009178571428571428,NA,NA,NA,NA,NA,NA,NA,NA,NA,NA,NA,NA,NA,NA,NA,NA,NA,NA,NA,NA,NA,NA,NA
Fulton,2017,92,0.52,1833,18049,0.050190943807965085,0.005652173913043478,NA,NA,NA,NA,NA,NA,NA,NA,NA,NA,NA,NA,NA,NA,NA,NA,NA,NA,NA,NA,NA,NA,NA
Fulton,2018,103,0.9450000000000001,1833,18049,0.05619203491543917,0.009174757281553399,NA,NA,NA,NA,NA,NA,NA,NA,NA,NA,NA,NA,NA,NA,NA,NA,NA,NA,NA,NA,NA,NA,NA
Fulton,2019,95,1.112,1833,18049,0.05182760501909438,0.011705263157894738,NA,NA,NA,NA,NA,NA,NA,NA,NA,NA,NA,NA,NA,NA,NA,NA,NA,NA,NA,NA,NA,NA,NA
Fulton,2020,61,0.646,1833,18049,0.033278777959629025,0.01059016393442623,NA,NA,NA,NA,NA,NA,NA,NA,NA,NA,NA,NA,NA,NA,NA,NA,NA,NA,NA,NA,NA,NA,NA
Fulton,2021,151,1.585,1833,18049,0.08237861429350792,0.010496688741721855,NA,NA,NA,NA,NA,NA,NA,NA,NA,NA,NA,NA,NA,NA,NA,NA,NA,NA,NA,NA,NA,NA,NA
Fulton,2022,112,1.192,1833,18049,0.06110201854882706,0.010642857142857143,NA,NA,NA,NA,NA,NA,NA,NA,NA,NA,NA,NA,NA,NA,NA,NA,NA,NA,NA,NA,NA,NA,NA
Gibson,2016,115,4.384,3176,18051,0.03620906801007557,0.03812173913043478,NA,NA,NA,NA,NA,NA,NA,NA,NA,NA,NA,NA,NA,NA,NA,NA,NA,NA,NA,NA,NA,NA,NA
Gibson,2017,104,5.026,3176,18051,0.0327455919395466,0.04832692307692307,NA,NA,NA,NA,NA,NA,NA,NA,NA,NA,NA,NA,NA,NA,NA,NA,NA,NA,NA,NA,NA,NA,NA
Gibson,2018,107,6.719,3176,18051,0.033690176322418136,0.0627943925233645,NA,NA,NA,NA,NA,NA,NA,NA,NA,NA,NA,NA,NA,NA,NA,NA,NA,NA,NA,NA,NA,NA,NA
Gibson,2019,111,6.544,3176,18051,0.03494962216624685,0.05895495495495495,NA,NA,NA,NA,NA,NA,NA,NA,NA,NA,NA,NA,NA,NA,NA,NA,NA,NA,NA,NA,NA,NA,NA
Gibson,2020,103,5.716,3176,18051,0.03243073047858942,0.055495145631067964,NA,NA,NA,NA,NA,NA,NA,NA,NA,NA,NA,NA,NA,NA,NA,NA,NA,NA,NA,NA,NA,NA,NA
Gibson,2021,127,4.988,3176,18051,0.039987405541561716,0.03927559055118111,NA,NA,NA,NA,NA,NA,NA,NA,NA,NA,NA,NA,NA,NA,NA,NA,NA,NA,NA,NA,NA,NA,NA
Gibson,2022,147,4.288,3176,18051,0.04628463476070529,0.029170068027210887,NA,NA,NA,NA,NA,NA,NA,NA,NA,NA,NA,NA,NA,NA,NA,NA,NA,NA,NA,NA,NA,NA,NA
Grant,2016,770,129.49,7542,18053,0.1020949350304959,0.1681688311688312,NA,NA,NA,NA,NA,NA,NA,NA,NA,NA,NA,NA,NA,NA,NA,NA,NA,NA,NA,NA,NA,NA,NA
Grant,2017,795,138.078,7542,18053,0.10540970564836913,0.17368301886792453,NA,NA,NA,NA,NA,NA,NA,NA,NA,NA,NA,NA,NA,NA,NA,NA,NA,NA,NA,NA,NA,NA,NA
Grant,2018,874,151.45,7542,18053,0.11588438080084858,0.1732837528604119,NA,NA,NA,NA,NA,NA,NA,NA,NA,NA,NA,NA,NA,NA,NA,NA,NA,NA,NA,NA,NA,NA,NA
Grant,2019,869,147.554,7542,18053,0.11522142667727393,0.16979746835443038,NA,NA,NA,NA,NA,NA,NA,NA,NA,NA,NA,NA,NA,NA,NA,NA,NA,NA,NA,NA,NA,NA,NA
Grant,2020,512,99.312,7542,18053,0.06788650225404402,0.19396875,NA,NA,NA,NA,NA,NA,NA,NA,NA,NA,NA,NA,NA,NA,NA,NA,NA,NA,NA,NA,NA,NA,NA
Grant,2021,662,110.22,7542,18053,0.08777512596128348,0.16649546827794562,NA,NA,NA,NA,NA,NA,NA,NA,NA,NA,NA,NA,NA,NA,NA,NA,NA,NA,NA,NA,NA,NA,NA
Grant,2022,629,105.505,7542,18053,0.0833996287456908,0.16773449920508743,NA,NA,NA,NA,NA,NA,NA,NA,NA,NA,NA,NA,NA,NA,NA,NA,NA,NA,NA,NA,NA,NA,NA
Greene,2016,118,0.267,2926,18055,0.04032809295967191,0.00226271186440678,NA,NA,NA,NA,NA,NA,NA,NA,NA,NA,NA,NA,NA,NA,NA,NA,NA,NA,NA,NA,NA,NA,NA
Greene,2017,106,0.499,2926,18055,0.036226930963773066,0.004707547169811321,NA,NA,NA,NA,NA,NA,NA,NA,NA,NA,NA,NA,NA,NA,NA,NA,NA,NA,NA,NA,NA,NA,NA
Greene,2018,126,0.23600000000000002,2926,18055,0.0430622009569378,0.0018730158730158731,NA,NA,NA,NA,NA,NA,NA,NA,NA,NA,NA,NA,NA,NA,NA,NA,NA,NA,NA,NA,NA,NA,NA
Greene,2019,137,0.313,2926,18055,0.0468215994531784,0.0022846715328467154,NA,NA,NA,NA,NA,NA,NA,NA,NA,NA,NA,NA,NA,NA,NA,NA,NA,NA,NA,NA,NA,NA,NA
Greene,2020,91,0.151,2926,18055,0.03110047846889952,0.0016593406593406594,NA,NA,NA,NA,NA,NA,NA,NA,NA,NA,NA,NA,NA,NA,NA,NA,NA,NA,NA,NA,NA,NA,NA
Greene,2021,93,0.162,2926,18055,0.031784005468216,0.0017419354838709678,NA,NA,NA,NA,NA,NA,NA,NA,NA,NA,NA,NA,NA,NA,NA,NA,NA,NA,NA,NA,NA,NA,NA
Greene,2022,98,0.242,2926,18055,0.03349282296650718,0.0024693877551020408,NA,NA,NA,NA,NA,NA,NA,NA,NA,NA,NA,NA,NA,NA,NA,NA,NA,NA,NA,NA,NA,NA,NA
Hamilton,2016,1307,132.639,29625,18057,0.04411814345991561,0.10148355011476665,NA,NA,NA,NA,NA,NA,NA,NA,NA,NA,NA,NA,NA,NA,NA,NA,NA,NA,NA,NA,NA,NA,NA
Hamilton,2017,1594,166.577,29625,18057,0.05380590717299578,0.10450250941028857,NA,NA,NA,NA,NA,NA,NA,NA,NA,NA,NA,NA,NA,NA,NA,NA,NA,NA,NA,NA,NA,NA,NA
Hamilton,2018,1654,181.477,29625,18057,0.05583122362869198,0.10972007255139057,NA,NA,NA,NA,NA,NA,NA,NA,NA,NA,NA,NA,NA,NA,NA,NA,NA,NA,NA,NA,NA,NA,NA
Hamilton,2019,1478,178.645,29625,18057,0.04989029535864979,0.12086941813261165,NA,NA,NA,NA,NA,NA,NA,NA,NA,NA,NA,NA,NA,NA,NA,NA,NA,NA,NA,NA,NA,NA,NA
Hamilton,2020,799,86.988,29625,18057,0.026970464135021098,0.10887108886107634,NA,NA,NA,NA,NA,NA,NA,NA,NA,NA,NA,NA,NA,NA,NA,NA,NA,NA,NA,NA,NA,NA,NA
Hamilton,2021,1034,129.022,29625,18057,0.03490295358649789,0.12477949709864603,NA,NA,NA,NA,NA,NA,NA,NA,NA,NA,NA,NA,NA,NA,NA,NA,NA,NA,NA,NA,NA,NA,NA
Hamilton,2022,1357,200.055,29625,18057,0.04580590717299578,0.1474244657332351,NA,NA,NA,NA,NA,NA,NA,NA,NA,NA,NA,NA,NA,NA,NA,NA,NA,NA,NA,NA,NA,NA,NA
Hancock,2016,145,7.9,6124,18059,0.023677335075114304,0.05448275862068966,NA,NA,NA,NA,NA,NA,NA,NA,NA,NA,NA,NA,NA,NA,NA,NA,NA,NA,NA,NA,NA,NA,NA
Hancock,2017,131,6.715,6124,18059,0.02139124755062051,0.05125954198473282,NA,NA,NA,NA,NA,NA,NA,NA,NA,NA,NA,NA,NA,NA,NA,NA,NA,NA,NA,NA,NA,NA,NA
Hancock,2018,255,9.525,6124,18059,0.04163945133899412,0.03735294117647059,NA,NA,NA,NA,NA,NA,NA,NA,NA,NA,NA,NA,NA,NA,NA,NA,NA,NA,NA,NA,NA,NA,NA
Hancock,2019,247,11.591,6124,18059,0.040333115610711956,0.04692712550607287,NA,NA,NA,NA,NA,NA,NA,NA,NA,NA,NA,NA,NA,NA,NA,NA,NA,NA,NA,NA,NA,NA,NA
Hancock,2020,117,3.233,6124,18059,0.019105160026126715,0.027632478632478634,NA,NA,NA,NA,NA,NA,NA,NA,NA,NA,NA,NA,NA,NA,NA,NA,NA,NA,NA,NA,NA,NA,NA
Hancock,2021,216,11.709,6124,18059,0.03527106466361855,0.05420833333333333,NA,NA,NA,NA,NA,NA,NA,NA,NA,NA,NA,NA,NA,NA,NA,NA,NA,NA,NA,NA,NA,NA,NA
Hancock,2022,255,15.224,6124,18059,0.04163945133899412,0.05970196078431372,NA,NA,NA,NA,NA,NA,NA,NA,NA,NA,NA,NA,NA,NA,NA,NA,NA,NA,NA,NA,NA,NA,NA
Harrison,2016,160,1.027,2454,18061,0.06519967400162999,0.006418749999999999,NA,NA,NA,NA,NA,NA,NA,NA,NA,NA,NA,NA,NA,NA,NA,NA,NA,NA,NA,NA,NA,NA,NA
Harrison,2017,164,0.98,2454,18061,0.06682966585167074,0.005975609756097561,NA,NA,NA,NA,NA,NA,NA,NA,NA,NA,NA,NA,NA,NA,NA,NA,NA,NA,NA,NA,NA,NA,NA
Harrison,2018,146,1.453,2454,18061,0.059494702526487364,0.009952054794520548,NA,NA,NA,NA,NA,NA,NA,NA,NA,NA,NA,NA,NA,NA,NA,NA,NA,NA,NA,NA,NA,NA,NA
Harrison,2019,129,1.369,2454,18061,0.05256723716381418,0.010612403100775193,NA,NA,NA,NA,NA,NA,NA,NA,NA,NA,NA,NA,NA,NA,NA,NA,NA,NA,NA,NA,NA,NA,NA
Harrison,2020,109,0.923,2454,18061,0.044417277913610435,0.00846788990825688,NA,NA,NA,NA,NA,NA,NA,NA,NA,NA,NA,NA,NA,NA,NA,NA,NA,NA,NA,NA,NA,NA,NA
Harrison,2021,98,0.798,2454,18061,0.03993480032599837,0.008142857142857143,NA,NA,NA,NA,NA,NA,NA,NA,NA,NA,NA,NA,NA,NA,NA,NA,NA,NA,NA,NA,NA,NA,NA
Harrison,2022,112,1.3860000000000001,2454,18061,0.045639771801140996,0.012375,NA,NA,NA,NA,NA,NA,NA,NA,NA,NA,NA,NA,NA,NA,NA,NA,NA,NA,NA,NA,NA,NA,NA
Hendricks,2016,965,129.797,13781,18063,0.07002394601262608,0.13450466321243523,NA,NA,NA,NA,NA,NA,NA,NA,NA,NA,NA,NA,NA,NA,NA,NA,NA,NA,NA,NA,NA,NA,NA
Hendricks,2017,1035,168.812,13781,18063,0.07510340323633989,0.1631033816425121,NA,NA,NA,NA,NA,NA,NA,NA,NA,NA,NA,NA,NA,NA,NA,NA,NA,NA,NA,NA,NA,NA,NA
Hendricks,2018,1058,179.653,13781,18063,0.07677236775270299,0.16980434782608694,NA,NA,NA,NA,NA,NA,NA,NA,NA,NA,NA,NA,NA,NA,NA,NA,NA,NA,NA,NA,NA,NA,NA
Hendricks,2019,1080,205.464,13781,18063,0.07836876859444163,0.19024444444444444,NA,NA,NA,NA,NA,NA,NA,NA,NA,NA,NA,NA,NA,NA,NA,NA,NA,NA,NA,NA,NA,NA,NA
Hendricks,2020,513,92.478,13781,18063,0.03722516508235977,0.18026900584795322,NA,NA,NA,NA,NA,NA,NA,NA,NA,NA,NA,NA,NA,NA,NA,NA,NA,NA,NA,NA,NA,NA,NA
Hendricks,2021,568,101.43599999999999,13781,18063,0.041216167186706336,0.1785845070422535,NA,NA,NA,NA,NA,NA,NA,NA,NA,NA,NA,NA,NA,NA,NA,NA,NA,NA,NA,NA,NA,NA,NA
Hendricks,2022,760,152.356,13781,18063,0.055148392714607065,0.20046842105263157,NA,NA,NA,NA,NA,NA,NA,NA,NA,NA,NA,NA,NA,NA,NA,NA,NA,NA,NA,NA,NA,NA,NA
Henry,2016,244,5.448,4508,18065,0.05412599822537711,0.022327868852459017,NA,NA,NA,NA,NA,NA,NA,NA,NA,NA,NA,NA,NA,NA,NA,NA,NA,NA,NA,NA,NA,NA,NA
Henry,2017,262,5.389,4508,18065,0.058118899733806566,0.020568702290076336,NA,NA,NA,NA,NA,NA,NA,NA,NA,NA,NA,NA,NA,NA,NA,NA,NA,NA,NA,NA,NA,NA,NA
Henry,2018,252,4.588,4508,18065,0.055900621118012424,0.018206349206349205,NA,NA,NA,NA,NA,NA,NA,NA,NA,NA,NA,NA,NA,NA,NA,NA,NA,NA,NA,NA,NA,NA,NA
Henry,2019,232,6.777,4508,18065,0.05146406388642413,0.029211206896551725,NA,NA,NA,NA,NA,NA,NA,NA,NA,NA,NA,NA,NA,NA,NA,NA,NA,NA,NA,NA,NA,NA,NA
Henry,2020,178,6.393,4508,18065,0.03948535936113576,0.03591573033707865,NA,NA,NA,NA,NA,NA,NA,NA,NA,NA,NA,NA,NA,NA,NA,NA,NA,NA,NA,NA,NA,NA,NA
Henry,2021,207,4.205,4508,18065,0.04591836734693878,0.02031400966183575,NA,NA,NA,NA,NA,NA,NA,NA,NA,NA,NA,NA,NA,NA,NA,NA,NA,NA,NA,NA,NA,NA,NA
Henry,2022,230,5.897,4508,18065,0.05102040816326531,0.02563913043478261,NA,NA,NA,NA,NA,NA,NA,NA,NA,NA,NA,NA,NA,NA,NA,NA,NA,NA,NA,NA,NA,NA,NA
Howard,2016,804,131.434,9560,18067,0.08410041841004184,0.16347512437810946,NA,NA,NA,NA,NA,NA,NA,NA,NA,NA,NA,NA,NA,NA,NA,NA,NA,NA,NA,NA,NA,NA,NA
Howard,2017,821,149.755,9560,18067,0.08587866108786611,0.1824056029232643,NA,NA,NA,NA,NA,NA,NA,NA,NA,NA,NA,NA,NA,NA,NA,NA,NA,NA,NA,NA,NA,NA,NA
Howard,2018,936,162.218,9560,18067,0.09790794979079498,0.17330982905982906,NA,NA,NA,NA,NA,NA,NA,NA,NA,NA,NA,NA,NA,NA,NA,NA,NA,NA,NA,NA,NA,NA,NA
Howard,2019,1144,220.905,9560,18067,0.1196652719665272,0.19309877622377622,NA,NA,NA,NA,NA,NA,NA,NA,NA,NA,NA,NA,NA,NA,NA,NA,NA,NA,NA,NA,NA,NA,NA
Howard,2020,648,123.455,9560,18067,0.06778242677824267,0.19051697530864198,NA,NA,NA,NA,NA,NA,NA,NA,NA,NA,NA,NA,NA,NA,NA,NA,NA,NA,NA,NA,NA,NA,NA
Howard,2021,821,138.142,9560,18067,0.08587866108786611,0.16826065773447016,NA,NA,NA,NA,NA,NA,NA,NA,NA,NA,NA,NA,NA,NA,NA,NA,NA,NA,NA,NA,NA,NA,NA
Howard,2022,783,134.78900000000002,9560,18067,0.08190376569037656,0.17214431673052363,NA,NA,NA,NA,NA,NA,NA,NA,NA,NA,NA,NA,NA,NA,NA,NA,NA,NA,NA,NA,NA,NA,NA
Huntington,2016,199,2.919,3620,18069,0.054972375690607735,0.014668341708542714,NA,NA,NA,NA,NA,NA,NA,NA,NA,NA,NA,NA,NA,NA,NA,NA,NA,NA,NA,NA,NA,NA,NA
Huntington,2017,191,2.154,3620,18069,0.05276243093922652,0.011277486910994764,NA,NA,NA,NA,NA,NA,NA,NA,NA,NA,NA,NA,NA,NA,NA,NA,NA,NA,NA,NA,NA,NA,NA
Huntington,2018,164,1.3960000000000001,3620,18069,0.045303867403314914,0.00851219512195122,NA,NA,NA,NA,NA,NA,NA,NA,NA,NA,NA,NA,NA,NA,NA,NA,NA,NA,NA,NA,NA,NA,NA
Huntington,2019,159,1.617,3620,18069,0.04392265193370166,0.010169811320754717,NA,NA,NA,NA,NA,NA,NA,NA,NA,NA,NA,NA,NA,NA,NA,NA,NA,NA,NA,NA,NA,NA,NA
Huntington,2020,66,0.647,3620,18069,0.018232044198895028,0.009803030303030303,NA,NA,NA,NA,NA,NA,NA,NA,NA,NA,NA,NA,NA,NA,NA,NA,NA,NA,NA,NA,NA,NA,NA
Huntington,2021,118,1.704,3620,18069,0.03259668508287293,0.014440677966101694,NA,NA,NA,NA,NA,NA,NA,NA,NA,NA,NA,NA,NA,NA,NA,NA,NA,NA,NA,NA,NA,NA,NA
Huntington,2022,99,0.628,3620,18069,0.027348066298342542,0.006343434343434344,NA,NA,NA,NA,NA,NA,NA,NA,NA,NA,NA,NA,NA,NA,NA,NA,NA,NA,NA,NA,NA,NA,NA
Jackson,2016,296,8.294,4874,18071,0.060730406237176855,0.02802027027027027,NA,NA,NA,NA,NA,NA,NA,NA,NA,NA,NA,NA,NA,NA,NA,NA,NA,NA,NA,NA,NA,NA,NA
Jackson,2017,317,9.346,4874,18071,0.06503898235535495,0.029482649842271294,NA,NA,NA,NA,NA,NA,NA,NA,NA,NA,NA,NA,NA,NA,NA,NA,NA,NA,NA,NA,NA,NA,NA
Jackson,2018,301,8.495,4874,18071,0.06175625769388592,0.028222591362126244,NA,NA,NA,NA,NA,NA,NA,NA,NA,NA,NA,NA,NA,NA,NA,NA,NA,NA,NA,NA,NA,NA,NA
Jackson,2019,242,7.354,4874,18071,0.049651210504718914,0.030388429752066116,NA,NA,NA,NA,NA,NA,NA,NA,NA,NA,NA,NA,NA,NA,NA,NA,NA,NA,NA,NA,NA,NA,NA
Jackson,2020,168,5.979,4874,18071,0.0344686089454247,0.03558928571428571,NA,NA,NA,NA,NA,NA,NA,NA,NA,NA,NA,NA,NA,NA,NA,NA,NA,NA,NA,NA,NA,NA,NA
Jackson,2021,178,5.585999999999999,4874,18071,0.03652031185884284,0.03138202247191011,NA,NA,NA,NA,NA,NA,NA,NA,NA,NA,NA,NA,NA,NA,NA,NA,NA,NA,NA,NA,NA,NA,NA
Jackson,2022,161,3.2800000000000002,4874,18071,0.03303241690603201,0.02037267080745342,NA,NA,NA,NA,NA,NA,NA,NA,NA,NA,NA,NA,NA,NA,NA,NA,NA,NA,NA,NA,NA,NA,NA
Jasper,2016,109,0.394,2595,18073,0.04200385356454721,0.003614678899082569,NA,NA,NA,NA,NA,NA,NA,NA,NA,NA,NA,NA,NA,NA,NA,NA,NA,NA,NA,NA,NA,NA,NA
Jasper,2017,109,0.251,2595,18073,0.04200385356454721,0.0023027522935779817,NA,NA,NA,NA,NA,NA,NA,NA,NA,NA,NA,NA,NA,NA,NA,NA,NA,NA,NA,NA,NA,NA,NA
Jasper,2018,138,0.499,2595,18073,0.05317919075144509,0.003615942028985507,NA,NA,NA,NA,NA,NA,NA,NA,NA,NA,NA,NA,NA,NA,NA,NA,NA,NA,NA,NA,NA,NA,NA
Jasper,2019,123,0.409,2595,18073,0.047398843930635835,0.00332520325203252,NA,NA,NA,NA,NA,NA,NA,NA,NA,NA,NA,NA,NA,NA,NA,NA,NA,NA,NA,NA,NA,NA,NA
Jasper,2020,83,0.19,2595,18073,0.03198458574181118,0.0022891566265060242,NA,NA,NA,NA,NA,NA,NA,NA,NA,NA,NA,NA,NA,NA,NA,NA,NA,NA,NA,NA,NA,NA,NA
Jasper,2021,125,0.483,2595,18073,0.04816955684007707,0.003864,NA,NA,NA,NA,NA,NA,NA,NA,NA,NA,NA,NA,NA,NA,NA,NA,NA,NA,NA,NA,NA,NA,NA
Jasper,2022,84,0.33,2595,18073,0.03236994219653179,0.003928571428571429,NA,NA,NA,NA,NA,NA,NA,NA,NA,NA,NA,NA,NA,NA,NA,NA,NA,NA,NA,NA,NA,NA,NA
Jay,2016,96,0.615,2036,18075,0.047151277013752456,0.00640625,NA,NA,NA,NA,NA,NA,NA,NA,NA,NA,NA,NA,NA,NA,NA,NA,NA,NA,NA,NA,NA,NA,NA
Jay,2017,69,0.265,2036,18075,0.03388998035363458,0.003840579710144928,NA,NA,NA,NA,NA,NA,NA,NA,NA,NA,NA,NA,NA,NA,NA,NA,NA,NA,NA,NA,NA,NA,NA
Jay,2018,91,0.17700000000000002,2036,18075,0.04469548133595285,0.0019450549450549452,NA,NA,NA,NA,NA,NA,NA,NA,NA,NA,NA,NA,NA,NA,NA,NA,NA,NA,NA,NA,NA,NA,NA
Jay,2019,82,0.539,2036,18075,0.04027504911591356,0.006573170731707318,NA,NA,NA,NA,NA,NA,NA,NA,NA,NA,NA,NA,NA,NA,NA,NA,NA,NA,NA,NA,NA,NA,NA
Jay,2020,70,0.615,2036,18075,0.0343811394891945,0.008785714285714286,NA,NA,NA,NA,NA,NA,NA,NA,NA,NA,NA,NA,NA,NA,NA,NA,NA,NA,NA,NA,NA,NA,NA
Jay,2021,111,0.602,2036,18075,0.05451866404715128,0.005423423423423423,NA,NA,NA,NA,NA,NA,NA,NA,NA,NA,NA,NA,NA,NA,NA,NA,NA,NA,NA,NA,NA,NA,NA
Jay,2022,77,0.273,2036,18075,0.03781925343811395,0.0035454545454545456,NA,NA,NA,NA,NA,NA,NA,NA,NA,NA,NA,NA,NA,NA,NA,NA,NA,NA,NA,NA,NA,NA,NA
Jefferson,2016,129,2.471,3826,18077,0.033716675378985886,0.019155038759689925,NA,NA,NA,NA,NA,NA,NA,NA,NA,NA,NA,NA,NA,NA,NA,NA,NA,NA,NA,NA,NA,NA,NA
Jefferson,2017,130,3.87,3826,18077,0.03397804495556717,0.02976923076923077,NA,NA,NA,NA,NA,NA,NA,NA,NA,NA,NA,NA,NA,NA,NA,NA,NA,NA,NA,NA,NA,NA,NA
Jefferson,2018,163,4.936,3826,18077,0.04260324098274961,0.030282208588957055,NA,NA,NA,NA,NA,NA,NA,NA,NA,NA,NA,NA,NA,NA,NA,NA,NA,NA,NA,NA,NA,NA,NA
Jefferson,2019,180,4.591,3826,18077,0.04704652378463147,0.025505555555555556,NA,NA,NA,NA,NA,NA,NA,NA,NA,NA,NA,NA,NA,NA,NA,NA,NA,NA,NA,NA,NA,NA,NA
Jefferson,2020,127,3.411,3826,18077,0.03319393622582331,0.026858267716535433,NA,NA,NA,NA,NA,NA,NA,NA,NA,NA,NA,NA,NA,NA,NA,NA,NA,NA,NA,NA,NA,NA,NA
Jefferson,2021,254,5.078,3826,18077,0.06638787245164662,0.01999212598425197,NA,NA,NA,NA,NA,NA,NA,NA,NA,NA,NA,NA,NA,NA,NA,NA,NA,NA,NA,NA,NA,NA,NA
Jefferson,2022,204,8.116,3826,18077,0.05331939362258233,0.0397843137254902,NA,NA,NA,NA,NA,NA,NA,NA,NA,NA,NA,NA,NA,NA,NA,NA,NA,NA,NA,NA,NA,NA,NA
Jennings,2016,125,0.992,1964,18079,0.06364562118126273,0.007936,NA,NA,NA,NA,NA,NA,NA,NA,NA,NA,NA,NA,NA,NA,NA,NA,NA,NA,NA,NA,NA,NA,NA
Jennings,2017,143,2.055,1964,18079,0.07281059063136457,0.014370629370629372,NA,NA,NA,NA,NA,NA,NA,NA,NA,NA,NA,NA,NA,NA,NA,NA,NA,NA,NA,NA,NA,NA,NA
Jennings,2018,160,1.268,1964,18079,0.0814663951120163,0.007925,NA,NA,NA,NA,NA,NA,NA,NA,NA,NA,NA,NA,NA,NA,NA,NA,NA,NA,NA,NA,NA,NA,NA
Jennings,2019,148,0.935,1964,18079,0.07535641547861507,0.006317567567567568,NA,NA,NA,NA,NA,NA,NA,NA,NA,NA,NA,NA,NA,NA,NA,NA,NA,NA,NA,NA,NA,NA,NA
Jennings,2020,117,0.756,1964,18079,0.05957230142566192,0.006461538461538461,NA,NA,NA,NA,NA,NA,NA,NA,NA,NA,NA,NA,NA,NA,NA,NA,NA,NA,NA,NA,NA,NA,NA
Jennings,2021,106,0.978,1964,18079,0.0539714867617108,0.009226415094339623,NA,NA,NA,NA,NA,NA,NA,NA,NA,NA,NA,NA,NA,NA,NA,NA,NA,NA,NA,NA,NA,NA,NA
Jennings,2022,91,0.947,1964,18079,0.04633401221995927,0.010406593406593405,NA,NA,NA,NA,NA,NA,NA,NA,NA,NA,NA,NA,NA,NA,NA,NA,NA,NA,NA,NA,NA,NA,NA
Johnson,2016,1782,109.794,15704,18081,0.11347427407030056,0.06161279461279461,NA,NA,NA,NA,NA,NA,NA,NA,NA,NA,NA,NA,NA,NA,NA,NA,NA,NA,NA,NA,NA,NA,NA
Johnson,2017,1772,98.885,15704,18081,0.11283749363219561,0.055804176072234764,NA,NA,NA,NA,NA,NA,NA,NA,NA,NA,NA,NA,NA,NA,NA,NA,NA,NA,NA,NA,NA,NA,NA
Johnson,2018,1592,82.372,15704,18081,0.10137544574630668,0.051741206030150755,NA,NA,NA,NA,NA,NA,NA,NA,NA,NA,NA,NA,NA,NA,NA,NA,NA,NA,NA,NA,NA,NA,NA
Johnson,2019,1582,94.693,15704,18081,0.10073866530820173,0.059856510745891274,NA,NA,NA,NA,NA,NA,NA,NA,NA,NA,NA,NA,NA,NA,NA,NA,NA,NA,NA,NA,NA,NA,NA
Johnson,2020,790,59.987,15704,18081,0.05030565461029037,0.07593291139240507,NA,NA,NA,NA,NA,NA,NA,NA,NA,NA,NA,NA,NA,NA,NA,NA,NA,NA,NA,NA,NA,NA,NA
Johnson,2021,1181,92.792,15704,18081,0.07520376974019358,0.07857070279424216,NA,NA,NA,NA,NA,NA,NA,NA,NA,NA,NA,NA,NA,NA,NA,NA,NA,NA,NA,NA,NA,NA,NA
Johnson,2022,1327,129.222,15704,18081,0.08450076413652573,0.09737905048982669,NA,NA,NA,NA,NA,NA,NA,NA,NA,NA,NA,NA,NA,NA,NA,NA,NA,NA,NA,NA,NA,NA,NA
Knox,2016,273,17.551,5378,18083,0.05076236519152101,0.06428937728937728,NA,NA,NA,NA,NA,NA,NA,NA,NA,NA,NA,NA,NA,NA,NA,NA,NA,NA,NA,NA,NA,NA,NA
Knox,2017,320,12.453999999999999,5378,18083,0.05950167348456675,0.038918749999999995,NA,NA,NA,NA,NA,NA,NA,NA,NA,NA,NA,NA,NA,NA,NA,NA,NA,NA,NA,NA,NA,NA,NA
Knox,2018,289,12.971,5378,18083,0.05373744886574935,0.04488235294117647,NA,NA,NA,NA,NA,NA,NA,NA,NA,NA,NA,NA,NA,NA,NA,NA,NA,NA,NA,NA,NA,NA,NA
Knox,2019,268,11.93,5378,18083,0.049832651543324655,0.044514925373134326,NA,NA,NA,NA,NA,NA,NA,NA,NA,NA,NA,NA,NA,NA,NA,NA,NA,NA,NA,NA,NA,NA,NA
Knox,2020,176,5.163,5378,18083,0.03272592041651171,0.029335227272727273,NA,NA,NA,NA,NA,NA,NA,NA,NA,NA,NA,NA,NA,NA,NA,NA,NA,NA,NA,NA,NA,NA,NA
Knox,2021,210,9.573,5378,18083,0.03904797322424693,0.045585714285714285,NA,NA,NA,NA,NA,NA,NA,NA,NA,NA,NA,NA,NA,NA,NA,NA,NA,NA,NA,NA,NA,NA,NA
Knox,2022,222,7.055,5378,18083,0.04127928597991819,0.03177927927927928,NA,NA,NA,NA,NA,NA,NA,NA,NA,NA,NA,NA,NA,NA,NA,NA,NA,NA,NA,NA,NA,NA,NA
Kosciusko,2016,453,8.725,7526,18085,0.06019133669944193,0.01926048565121413,NA,NA,NA,NA,NA,NA,NA,NA,NA,NA,NA,NA,NA,NA,NA,NA,NA,NA,NA,NA,NA,NA,NA
Kosciusko,2017,493,5.1209999999999996,7526,18085,0.06550624501727345,0.010387423935091277,NA,NA,NA,NA,NA,NA,NA,NA,NA,NA,NA,NA,NA,NA,NA,NA,NA,NA,NA,NA,NA,NA,NA
Kosciusko,2018,623,11.346,7526,18085,0.08277969705022588,0.018211878009630818,NA,NA,NA,NA,NA,NA,NA,NA,NA,NA,NA,NA,NA,NA,NA,NA,NA,NA,NA,NA,NA,NA,NA
Kosciusko,2019,536,8.278,7526,18085,0.07121977145894233,0.01544402985074627,NA,NA,NA,NA,NA,NA,NA,NA,NA,NA,NA,NA,NA,NA,NA,NA,NA,NA,NA,NA,NA,NA,NA
Kosciusko,2020,340,5.326,7526,18085,0.0451767207015679,0.01566470588235294,NA,NA,NA,NA,NA,NA,NA,NA,NA,NA,NA,NA,NA,NA,NA,NA,NA,NA,NA,NA,NA,NA,NA
Kosciusko,2021,489,7.069,7526,18085,0.0649747541854903,0.014456032719836401,NA,NA,NA,NA,NA,NA,NA,NA,NA,NA,NA,NA,NA,NA,NA,NA,NA,NA,NA,NA,NA,NA,NA
Kosciusko,2022,535,9.009,7526,18085,0.07108689875099655,0.016839252336448597,NA,NA,NA,NA,NA,NA,NA,NA,NA,NA,NA,NA,NA,NA,NA,NA,NA,NA,NA,NA,NA,NA,NA
LaGrange,2016,84,0.36,2074,18087,0.040501446480231434,0.004285714285714286,NA,NA,NA,NA,NA,NA,NA,NA,NA,NA,NA,NA,NA,NA,NA,NA,NA,NA,NA,NA,NA,NA,NA
LaGrange,2017,102,0.435,2074,18087,0.04918032786885246,0.004264705882352941,NA,NA,NA,NA,NA,NA,NA,NA,NA,NA,NA,NA,NA,NA,NA,NA,NA,NA,NA,NA,NA,NA,NA
LaGrange,2018,77,0.7180000000000001,2074,18087,0.03712632594021215,0.009324675324675326,NA,NA,NA,NA,NA,NA,NA,NA,NA,NA,NA,NA,NA,NA,NA,NA,NA,NA,NA,NA,NA,NA,NA
LaGrange,2019,80,0.209,2074,18087,0.03857280617164899,0.0026125,NA,NA,NA,NA,NA,NA,NA,NA,NA,NA,NA,NA,NA,NA,NA,NA,NA,NA,NA,NA,NA,NA,NA
LaGrange,2020,56,0.112,2074,18087,0.02700096432015429,0.002,NA,NA,NA,NA,NA,NA,NA,NA,NA,NA,NA,NA,NA,NA,NA,NA,NA,NA,NA,NA,NA,NA,NA
LaGrange,2021,53,0.966,2074,18087,0.025554484088717456,0.018226415094339622,NA,NA,NA,NA,NA,NA,NA,NA,NA,NA,NA,NA,NA,NA,NA,NA,NA,NA,NA,NA,NA,NA,NA
LaGrange,2022,77,0.367,2074,18087,0.03712632594021215,0.0047662337662337665,NA,NA,NA,NA,NA,NA,NA,NA,NA,NA,NA,NA,NA,NA,NA,NA,NA,NA,NA,NA,NA,NA,NA
LaPorte,2016,842,239.356,11488,18091,0.07329387186629527,0.284270783847981,NA,NA,NA,NA,NA,NA,NA,NA,NA,NA,NA,NA,NA,NA,NA,NA,NA,NA,NA,NA,NA,NA,NA
LaPorte,2017,849,249.055,11488,18091,0.07390320334261838,0.2933510011778563,NA,NA,NA,NA,NA,NA,NA,NA,NA,NA,NA,NA,NA,NA,NA,NA,NA,NA,NA,NA,NA,NA,NA
LaPorte,2018,819,249.25300000000001,11488,18091,0.07129178272980502,0.30433821733821736,NA,NA,NA,NA,NA,NA,NA,NA,NA,NA,NA,NA,NA,NA,NA,NA,NA,NA,NA,NA,NA,NA,NA
LaPorte,2019,861,270.543,11488,18091,0.07494777158774374,0.31421951219512195,NA,NA,NA,NA,NA,NA,NA,NA,NA,NA,NA,NA,NA,NA,NA,NA,NA,NA,NA,NA,NA,NA,NA
LaPorte,2020,502,160.424,11488,18091,0.04369777158774373,0.3195697211155379,NA,NA,NA,NA,NA,NA,NA,NA,NA,NA,NA,NA,NA,NA,NA,NA,NA,NA,NA,NA,NA,NA,NA
LaPorte,2021,626,200.296,11488,18091,0.054491643454039,0.319961661341853,NA,NA,NA,NA,NA,NA,NA,NA,NA,NA,NA,NA,NA,NA,NA,NA,NA,NA,NA,NA,NA,NA,NA
LaPorte,2022,657,224.685,11488,18091,0.05719011142061281,0.341986301369863,NA,NA,NA,NA,NA,NA,NA,NA,NA,NA,NA,NA,NA,NA,NA,NA,NA,NA,NA,NA,NA,NA,NA
Lake,2016,2108,1211.919,55802,18089,0.03777642378409376,0.574914136622391,NA,NA,NA,NA,NA,NA,NA,NA,NA,NA,NA,NA,NA,NA,NA,NA,NA,NA,NA,NA,NA,NA,NA
Lake,2017,2186,1274.968,55802,18089,0.039174223146123795,0.5832424519670631,NA,NA,NA,NA,NA,NA,NA,NA,NA,NA,NA,NA,NA,NA,NA,NA,NA,NA,NA,NA,NA,NA,NA
Lake,2018,2873,1931.954,55802,18089,0.05148560983477295,0.67245179255134,NA,NA,NA,NA,NA,NA,NA,NA,NA,NA,NA,NA,NA,NA,NA,NA,NA,NA,NA,NA,NA,NA,NA
Lake,2019,3187,2177.027,55802,18089,0.05711264829217591,0.6830960150611861,NA,NA,NA,NA,NA,NA,NA,NA,NA,NA,NA,NA,NA,NA,NA,NA,NA,NA,NA,NA,NA,NA,NA
Lake,2020,2718,1718.477,55802,18089,0.04870793161535429,0.632257910228109,NA,NA,NA,NA,NA,NA,NA,NA,NA,NA,NA,NA,NA,NA,NA,NA,NA,NA,NA,NA,NA,NA,NA
Lake,2021,3145,1894.179,55802,18089,0.056359987097236657,0.6022826709062004,NA,NA,NA,NA,NA,NA,NA,NA,NA,NA,NA,NA,NA,NA,NA,NA,NA,NA,NA,NA,NA,NA,NA
Lake,2022,4601,2931.645,55802,18089,0.08245224185513064,0.6371756139969572,NA,NA,NA,NA,NA,NA,NA,NA,NA,NA,NA,NA,NA,NA,NA,NA,NA,NA,NA,NA,NA,NA,NA
Lawrence,2016,204,1.362,3742,18093,0.05451630144307857,0.006676470588235295,NA,NA,NA,NA,NA,NA,NA,NA,NA,NA,NA,NA,NA,NA,NA,NA,NA,NA,NA,NA,NA,NA,NA
Lawrence,2017,244,1.834,3742,18093,0.06520577231427044,0.007516393442622951,NA,NA,NA,NA,NA,NA,NA,NA,NA,NA,NA,NA,NA,NA,NA,NA,NA,NA,NA,NA,NA,NA,NA
Lawrence,2018,194,1.085,3742,18093,0.0518439337252806,0.005592783505154639,NA,NA,NA,NA,NA,NA,NA,NA,NA,NA,NA,NA,NA,NA,NA,NA,NA,NA,NA,NA,NA,NA,NA
Lawrence,2019,136,0.908,3742,18093,0.036344200962052375,0.006676470588235294,NA,NA,NA,NA,NA,NA,NA,NA,NA,NA,NA,NA,NA,NA,NA,NA,NA,NA,NA,NA,NA,NA,NA
Lawrence,2020,79,1.27,3742,18093,0.021111704970603957,0.01607594936708861,NA,NA,NA,NA,NA,NA,NA,NA,NA,NA,NA,NA,NA,NA,NA,NA,NA,NA,NA,NA,NA,NA,NA
Lawrence,2021,115,0.647,3742,18093,0.030732228754676644,0.005626086956521739,NA,NA,NA,NA,NA,NA,NA,NA,NA,NA,NA,NA,NA,NA,NA,NA,NA,NA,NA,NA,NA,NA,NA
Lawrence,2022,131,0.835,3742,18093,0.03500801710315339,0.0063740458015267175,NA,NA,NA,NA,NA,NA,NA,NA,NA,NA,NA,NA,NA,NA,NA,NA,NA,NA,NA,NA,NA,NA,NA
Madison,2016,1678,285.458,15818,18095,0.10608167909975977,0.1701179976162098,NA,NA,NA,NA,NA,NA,NA,NA,NA,NA,NA,NA,NA,NA,NA,NA,NA,NA,NA,NA,NA,NA,NA
Madison,2017,1729,314.53,15818,18095,0.1093058540902769,0.1819144013880856,NA,NA,NA,NA,NA,NA,NA,NA,NA,NA,NA,NA,NA,NA,NA,NA,NA,NA,NA,NA,NA,NA,NA
Madison,2018,1738,311.215,15818,18095,0.10987482614742698,0.1790650172612198,NA,NA,NA,NA,NA,NA,NA,NA,NA,NA,NA,NA,NA,NA,NA,NA,NA,NA,NA,NA,NA,NA,NA
Madison,2019,1750,328.336,15818,18095,0.11063345555696043,0.18762057142857144,NA,NA,NA,NA,NA,NA,NA,NA,NA,NA,NA,NA,NA,NA,NA,NA,NA,NA,NA,NA,NA,NA,NA
Madison,2020,1027,189.256,15818,18095,0.06492603363257049,0.18428042843232717,NA,NA,NA,NA,NA,NA,NA,NA,NA,NA,NA,NA,NA,NA,NA,NA,NA,NA,NA,NA,NA,NA,NA
Madison,2021,1350,233.758,15818,18095,0.08534580857251232,0.17315407407407407,NA,NA,NA,NA,NA,NA,NA,NA,NA,NA,NA,NA,NA,NA,NA,NA,NA,NA,NA,NA,NA,NA,NA
Madison,2022,1323,206.026,15818,18095,0.08363889240106208,0.15572637944066517,NA,NA,NA,NA,NA,NA,NA,NA,NA,NA,NA,NA,NA,NA,NA,NA,NA,NA,NA,NA,NA,NA,NA
Marion,2016,29223,15215.603,174535,18097,0.16743346606697798,0.5206721760257331,NA,NA,NA,NA,NA,NA,NA,NA,NA,NA,NA,NA,NA,NA,NA,NA,NA,NA,NA,NA,NA,NA,NA
Marion,2017,33486,19391.183,174535,18097,0.19185836651674448,0.5790832885384938,NA,NA,NA,NA,NA,NA,NA,NA,NA,NA,NA,NA,NA,NA,NA,NA,NA,NA,NA,NA,NA,NA,NA
Marion,2018,32759,18521.418999999998,174535,18097,0.1876930128627496,0.5653841387099727,NA,NA,NA,NA,NA,NA,NA,NA,NA,NA,NA,NA,NA,NA,NA,NA,NA,NA,NA,NA,NA,NA,NA
Marion,2019,30387,16747.6049699066,174535,18097,0.17410261552124215,0.5511437446903807,NA,NA,NA,NA,NA,NA,NA,NA,NA,NA,NA,NA,NA,NA,NA,NA,NA,NA,NA,NA,NA,NA,NA
Marion,2020,14877,7991.717,174535,18097,0.08523791789612399,0.537186059017275,NA,NA,NA,NA,NA,NA,NA,NA,NA,NA,NA,NA,NA,NA,NA,NA,NA,NA,NA,NA,NA,NA,NA
Marion,2021,20444,10703.539,174535,18097,0.11713409917781534,0.5235540500880455,NA,NA,NA,NA,NA,NA,NA,NA,NA,NA,NA,NA,NA,NA,NA,NA,NA,NA,NA,NA,NA,NA,NA
Marion,2022,22151,11570.807999999999,174535,18097,0.12691437247543472,0.5223605254841768,NA,NA,NA,NA,NA,NA,NA,NA,NA,NA,NA,NA,NA,NA,NA,NA,NA,NA,NA,NA,NA,NA,NA
Marshall,2016,83,0.374,4102,18099,0.020234032179424672,0.004506024096385542,NA,NA,NA,NA,NA,NA,NA,NA,NA,NA,NA,NA,NA,NA,NA,NA,NA,NA,NA,NA,NA,NA,NA
Marshall,2017,129,1.344,4102,18099,0.03144807411019015,0.010418604651162792,NA,NA,NA,NA,NA,NA,NA,NA,NA,NA,NA,NA,NA,NA,NA,NA,NA,NA,NA,NA,NA,NA,NA
Marshall,2018,138,0.914,4102,18099,0.03364212579229644,0.006623188405797102,NA,NA,NA,NA,NA,NA,NA,NA,NA,NA,NA,NA,NA,NA,NA,NA,NA,NA,NA,NA,NA,NA,NA
Marshall,2019,124,0.9420000000000001,4102,18099,0.03022915650901999,0.007596774193548388,NA,NA,NA,NA,NA,NA,NA,NA,NA,NA,NA,NA,NA,NA,NA,NA,NA,NA,NA,NA,NA,NA,NA
Marshall,2020,85,0.506,4102,18099,0.020721599219892736,0.005952941176470588,NA,NA,NA,NA,NA,NA,NA,NA,NA,NA,NA,NA,NA,NA,NA,NA,NA,NA,NA,NA,NA,NA,NA
Marshall,2021,117,1.2530000000000001,4102,18099,0.028522671867381767,0.01070940170940171,NA,NA,NA,NA,NA,NA,NA,NA,NA,NA,NA,NA,NA,NA,NA,NA,NA,NA,NA,NA,NA,NA,NA
Marshall,2022,94,0.447,4102,18099,0.022915650901999023,0.004755319148936171,NA,NA,NA,NA,NA,NA,NA,NA,NA,NA,NA,NA,NA,NA,NA,NA,NA,NA,NA,NA,NA,NA,NA
Martin,2016,11,0.011,876,18101,0.012557077625570776,0.001,NA,NA,NA,NA,NA,NA,NA,NA,NA,NA,NA,NA,NA,NA,NA,NA,NA,NA,NA,NA,NA,NA,NA
Martin,2017,11,0.023,876,18101,0.012557077625570776,0.0020909090909090908,NA,NA,NA,NA,NA,NA,NA,NA,NA,NA,NA,NA,NA,NA,NA,NA,NA,NA,NA,NA,NA,NA,NA
Martin,2018,13,0.012,876,18101,0.014840182648401826,9.230769230769231e-4,NA,NA,NA,NA,NA,NA,NA,NA,NA,NA,NA,NA,NA,NA,NA,NA,NA,NA,NA,NA,NA,NA,NA
Martin,2019,13,0.028,876,18101,0.014840182648401826,0.0021538461538461538,NA,NA,NA,NA,NA,NA,NA,NA,NA,NA,NA,NA,NA,NA,NA,NA,NA,NA,NA,NA,NA,NA,NA
Martin,2020,11,0.028999999999999998,876,18101,0.012557077625570776,0.0026363636363636363,NA,NA,NA,NA,NA,NA,NA,NA,NA,NA,NA,NA,NA,NA,NA,NA,NA,NA,NA,NA,NA,NA,NA
Martin,2021,11,0.043,876,18101,0.012557077625570776,0.003909090909090909,NA,NA,NA,NA,NA,NA,NA,NA,NA,NA,NA,NA,NA,NA,NA,NA,NA,NA,NA,NA,NA,NA,NA
Martin,2022,21,0.061000000000000006,876,18101,0.023972602739726026,0.002904761904761905,NA,NA,NA,NA,NA,NA,NA,NA,NA,NA,NA,NA,NA,NA,NA,NA,NA,NA,NA,NA,NA,NA,NA
Miami,2016,293,22.888,3453,18103,0.08485375036200406,0.0781160409556314,NA,NA,NA,NA,NA,NA,NA,NA,NA,NA,NA,NA,NA,NA,NA,NA,NA,NA,NA,NA,NA,NA,NA
Miami,2017,293,20.196,3453,18103,0.08485375036200406,0.0689283276450512,NA,NA,NA,NA,NA,NA,NA,NA,NA,NA,NA,NA,NA,NA,NA,NA,NA,NA,NA,NA,NA,NA,NA
Miami,2018,314,16.343,3453,18103,0.09093541847668694,0.052047770700636944,NA,NA,NA,NA,NA,NA,NA,NA,NA,NA,NA,NA,NA,NA,NA,NA,NA,NA,NA,NA,NA,NA,NA
Miami,2019,374,22.667,3453,18103,0.10831161309006661,0.06060695187165776,NA,NA,NA,NA,NA,NA,NA,NA,NA,NA,NA,NA,NA,NA,NA,NA,NA,NA,NA,NA,NA,NA,NA
Miami,2020,211,10.499,3453,18103,0.06110628439038517,0.049758293838862565,NA,NA,NA,NA,NA,NA,NA,NA,NA,NA,NA,NA,NA,NA,NA,NA,NA,NA,NA,NA,NA,NA,NA
Miami,2021,241,14.251,3453,18103,0.06979438169707501,0.05913278008298755,NA,NA,NA,NA,NA,NA,NA,NA,NA,NA,NA,NA,NA,NA,NA,NA,NA,NA,NA,NA,NA,NA,NA
Miami,2022,271,18.651,3453,18103,0.07848247900376484,0.06882287822878229,NA,NA,NA,NA,NA,NA,NA,NA,NA,NA,NA,NA,NA,NA,NA,NA,NA,NA,NA,NA,NA,NA,NA
Monroe,2016,901,101.58,25893,18105,0.034797049395589544,0.11274139844617093,NA,NA,NA,NA,NA,NA,NA,NA,NA,NA,NA,NA,NA,NA,NA,NA,NA,NA,NA,NA,NA,NA,NA
Monroe,2017,1084,121.29,25893,18105,0.04186459660912216,0.11189114391143912,NA,NA,NA,NA,NA,NA,NA,NA,NA,NA,NA,NA,NA,NA,NA,NA,NA,NA,NA,NA,NA,NA,NA
Monroe,2018,966,105.38,25893,18105,0.0373073803730738,0.10908902691511387,NA,NA,NA,NA,NA,NA,NA,NA,NA,NA,NA,NA,NA,NA,NA,NA,NA,NA,NA,NA,NA,NA,NA
Monroe,2019,1074,107.581,25893,18105,0.04147839184335535,0.1001685288640596,NA,NA,NA,NA,NA,NA,NA,NA,NA,NA,NA,NA,NA,NA,NA,NA,NA,NA,NA,NA,NA,NA,NA
Monroe,2020,544,50.865,25893,18105,0.02100953925771444,0.09350183823529412,NA,NA,NA,NA,NA,NA,NA,NA,NA,NA,NA,NA,NA,NA,NA,NA,NA,NA,NA,NA,NA,NA,NA
Monroe,2021,744,83.54,25893,18105,0.028733634573050632,0.11228494623655914,NA,NA,NA,NA,NA,NA,NA,NA,NA,NA,NA,NA,NA,NA,NA,NA,NA,NA,NA,NA,NA,NA,NA
Monroe,2022,682,76.529,25893,18105,0.026339165025296412,0.11221260997067448,NA,NA,NA,NA,NA,NA,NA,NA,NA,NA,NA,NA,NA,NA,NA,NA,NA,NA,NA,NA,NA,NA,NA
Montgomery,2016,182,3.144,3818,18107,0.047668936616029334,0.017274725274725275,NA,NA,NA,NA,NA,NA,NA,NA,NA,NA,NA,NA,NA,NA,NA,NA,NA,NA,NA,NA,NA,NA,NA
Montgomery,2017,209,5.092,3818,18107,0.05474070193818753,0.02436363636363636,NA,NA,NA,NA,NA,NA,NA,NA,NA,NA,NA,NA,NA,NA,NA,NA,NA,NA,NA,NA,NA,NA,NA
Montgomery,2018,240,6.890000000000001,3818,18107,0.06286013619696176,0.028708333333333336,NA,NA,NA,NA,NA,NA,NA,NA,NA,NA,NA,NA,NA,NA,NA,NA,NA,NA,NA,NA,NA,NA,NA
Montgomery,2019,242,4.743,3818,18107,0.06338397066526978,0.01959917355371901,NA,NA,NA,NA,NA,NA,NA,NA,NA,NA,NA,NA,NA,NA,NA,NA,NA,NA,NA,NA,NA,NA,NA
Montgomery,2020,183,3.652,3818,18107,0.04793085385018334,0.019956284153005464,NA,NA,NA,NA,NA,NA,NA,NA,NA,NA,NA,NA,NA,NA,NA,NA,NA,NA,NA,NA,NA,NA,NA
Montgomery,2021,216,4.866,3818,18107,0.05657412257726559,0.022527777777777775,NA,NA,NA,NA,NA,NA,NA,NA,NA,NA,NA,NA,NA,NA,NA,NA,NA,NA,NA,NA,NA,NA,NA
Montgomery,2022,204,5.68,3818,18107,0.0534311157674175,0.02784313725490196,NA,NA,NA,NA,NA,NA,NA,NA,NA,NA,NA,NA,NA,NA,NA,NA,NA,NA,NA,NA,NA,NA,NA
Morgan,2016,591,3.221,4941,18109,0.1196114146933819,0.005450084602368867,NA,NA,NA,NA,NA,NA,NA,NA,NA,NA,NA,NA,NA,NA,NA,NA,NA,NA,NA,NA,NA,NA,NA
Morgan,2017,635,4.843,4941,18109,0.12851649463671322,0.007626771653543307,NA,NA,NA,NA,NA,NA,NA,NA,NA,NA,NA,NA,NA,NA,NA,NA,NA,NA,NA,NA,NA,NA,NA
Morgan,2018,614,3.663,4941,18109,0.12426634284557782,0.0059657980456026055,NA,NA,NA,NA,NA,NA,NA,NA,NA,NA,NA,NA,NA,NA,NA,NA,NA,NA,NA,NA,NA,NA,NA
Morgan,2019,680,3.761,4941,18109,0.1376239627605748,0.005530882352941176,NA,NA,NA,NA,NA,NA,NA,NA,NA,NA,NA,NA,NA,NA,NA,NA,NA,NA,NA,NA,NA,NA,NA
Morgan,2020,392,1.865,4941,18109,0.07933616676786076,0.00475765306122449,NA,NA,NA,NA,NA,NA,NA,NA,NA,NA,NA,NA,NA,NA,NA,NA,NA,NA,NA,NA,NA,NA,NA
Morgan,2021,400,1.78,4941,18109,0.08095527221210282,0.00445,NA,NA,NA,NA,NA,NA,NA,NA,NA,NA,NA,NA,NA,NA,NA,NA,NA,NA,NA,NA,NA,NA,NA
Morgan,2022,375,2.9570000000000003,4941,18109,0.07589556769884638,0.007885333333333334,NA,NA,NA,NA,NA,NA,NA,NA,NA,NA,NA,NA,NA,NA,NA,NA,NA,NA,NA,NA,NA,NA,NA
Newton,2016,11,0.374,1006,18111,0.010934393638170975,0.034,NA,NA,NA,NA,NA,NA,NA,NA,NA,NA,NA,NA,NA,NA,NA,NA,NA,NA,NA,NA,NA,NA,NA
Newton,2017,6,0.006,1006,18111,0.005964214711729622,0.001,NA,NA,NA,NA,NA,NA,NA,NA,NA,NA,NA,NA,NA,NA,NA,NA,NA,NA,NA,NA,NA,NA,NA
Newton,2018,10,0.008,1006,18111,0.009940357852882704,8e-4,NA,NA,NA,NA,NA,NA,NA,NA,NA,NA,NA,NA,NA,NA,NA,NA,NA,NA,NA,NA,NA,NA,NA
Newton,2019,8,0.055,1006,18111,0.007952286282306162,0.006875,NA,NA,NA,NA,NA,NA,NA,NA,NA,NA,NA,NA,NA,NA,NA,NA,NA,NA,NA,NA,NA,NA,NA
Newton,2020,16,0.052,1006,18111,0.015904572564612324,0.00325,NA,NA,NA,NA,NA,NA,NA,NA,NA,NA,NA,NA,NA,NA,NA,NA,NA,NA,NA,NA,NA,NA,NA
Newton,2021,34,0.037,1006,18111,0.033797216699801194,0.001088235294117647,NA,NA,NA,NA,NA,NA,NA,NA,NA,NA,NA,NA,NA,NA,NA,NA,NA,NA,NA,NA,NA,NA,NA
Newton,2022,60,0.095,1006,18111,0.05964214711729622,0.0015833333333333333,NA,NA,NA,NA,NA,NA,NA,NA,NA,NA,NA,NA,NA,NA,NA,NA,NA,NA,NA,NA,NA,NA,NA
Noble,2016,286,2.488,4173,18113,0.06853582554517133,0.008699300699300699,NA,NA,NA,NA,NA,NA,NA,NA,NA,NA,NA,NA,NA,NA,NA,NA,NA,NA,NA,NA,NA,NA,NA
Noble,2017,280,1.458,4173,18113,0.06709801102324467,0.005207142857142857,NA,NA,NA,NA,NA,NA,NA,NA,NA,NA,NA,NA,NA,NA,NA,NA,NA,NA,NA,NA,NA,NA,NA
Noble,2018,380,2.555,4173,18113,0.09106158638868919,0.006723684210526317,NA,NA,NA,NA,NA,NA,NA,NA,NA,NA,NA,NA,NA,NA,NA,NA,NA,NA,NA,NA,NA,NA,NA
Noble,2019,383,2.489,4173,18113,0.09178049364965253,0.006498694516971279,NA,NA,NA,NA,NA,NA,NA,NA,NA,NA,NA,NA,NA,NA,NA,NA,NA,NA,NA,NA,NA,NA,NA
Noble,2020,209,1.88,4173,18113,0.050083872513779056,0.008995215311004784,NA,NA,NA,NA,NA,NA,NA,NA,NA,NA,NA,NA,NA,NA,NA,NA,NA,NA,NA,NA,NA,NA,NA
Noble,2021,274,2.822,4173,18113,0.06566019650131799,0.010299270072992701,NA,NA,NA,NA,NA,NA,NA,NA,NA,NA,NA,NA,NA,NA,NA,NA,NA,NA,NA,NA,NA,NA,NA
Noble,2022,308,1.733,4173,18113,0.07380781212556914,0.005626623376623377,NA,NA,NA,NA,NA,NA,NA,NA,NA,NA,NA,NA,NA,NA,NA,NA,NA,NA,NA,NA,NA,NA,NA
Ohio,2016,8,0.039,549,18115,0.014571948998178506,0.004875,NA,NA,NA,NA,NA,NA,NA,NA,NA,NA,NA,NA,NA,NA,NA,NA,NA,NA,NA,NA,NA,NA,NA
Ohio,2017,10,0.508,549,18115,0.018214936247723135,0.0508,NA,NA,NA,NA,NA,NA,NA,NA,NA,NA,NA,NA,NA,NA,NA,NA,NA,NA,NA,NA,NA,NA,NA
Ohio,2018,11,0.027,549,18115,0.020036429872495445,0.0024545454545454545,NA,NA,NA,NA,NA,NA,NA,NA,NA,NA,NA,NA,NA,NA,NA,NA,NA,NA,NA,NA,NA,NA,NA
Ohio,2019,9,0.046,549,18115,0.01639344262295082,0.005111111111111111,NA,NA,NA,NA,NA,NA,NA,NA,NA,NA,NA,NA,NA,NA,NA,NA,NA,NA,NA,NA,NA,NA,NA
Ohio,2020,6,0.033,549,18115,0.01092896174863388,0.0055000000000000005,NA,NA,NA,NA,NA,NA,NA,NA,NA,NA,NA,NA,NA,NA,NA,NA,NA,NA,NA,NA,NA,NA,NA
Ohio,2021,13,0.064,549,18115,0.023679417122040074,0.004923076923076923,NA,NA,NA,NA,NA,NA,NA,NA,NA,NA,NA,NA,NA,NA,NA,NA,NA,NA,NA,NA,NA,NA,NA
Ohio,2022,9,0.166,549,18115,0.01639344262295082,0.018444444444444444,NA,NA,NA,NA,NA,NA,NA,NA,NA,NA,NA,NA,NA,NA,NA,NA,NA,NA,NA,NA,NA,NA,NA
Orange,2016,62,1.296,1771,18117,0.03500846979107849,0.020903225806451615,NA,NA,NA,NA,NA,NA,NA,NA,NA,NA,NA,NA,NA,NA,NA,NA,NA,NA,NA,NA,NA,NA,NA
Orange,2017,83,1.795,1771,18117,0.04686617730095991,0.021626506024096385,NA,NA,NA,NA,NA,NA,NA,NA,NA,NA,NA,NA,NA,NA,NA,NA,NA,NA,NA,NA,NA,NA,NA
Orange,2018,56,1.748,1771,18117,0.03162055335968379,0.031214285714285715,NA,NA,NA,NA,NA,NA,NA,NA,NA,NA,NA,NA,NA,NA,NA,NA,NA,NA,NA,NA,NA,NA,NA
Orange,2019,65,0.662,1771,18117,0.03670242800677583,0.010184615384615386,NA,NA,NA,NA,NA,NA,NA,NA,NA,NA,NA,NA,NA,NA,NA,NA,NA,NA,NA,NA,NA,NA,NA
Orange,2020,36,0.392,1771,18117,0.020327498588368152,0.010888888888888889,NA,NA,NA,NA,NA,NA,NA,NA,NA,NA,NA,NA,NA,NA,NA,NA,NA,NA,NA,NA,NA,NA,NA
Orange,2021,67,1.112,1771,18117,0.0378317334839074,0.016597014925373136,NA,NA,NA,NA,NA,NA,NA,NA,NA,NA,NA,NA,NA,NA,NA,NA,NA,NA,NA,NA,NA,NA,NA
Orange,2022,54,1.084,1771,18117,0.030491247882552232,0.020074074074074074,NA,NA,NA,NA,NA,NA,NA,NA,NA,NA,NA,NA,NA,NA,NA,NA,NA,NA,NA,NA,NA,NA,NA
Owen,2016,73,0.409,1726,18119,0.042294322132097335,0.005602739726027397,NA,NA,NA,NA,NA,NA,NA,NA,NA,NA,NA,NA,NA,NA,NA,NA,NA,NA,NA,NA,NA,NA,NA
Owen,2017,81,0.457,1726,18119,0.04692931633835458,0.005641975308641975,NA,NA,NA,NA,NA,NA,NA,NA,NA,NA,NA,NA,NA,NA,NA,NA,NA,NA,NA,NA,NA,NA,NA
Owen,2018,78,1.179,1726,18119,0.04519119351100811,0.015115384615384616,NA,NA,NA,NA,NA,NA,NA,NA,NA,NA,NA,NA,NA,NA,NA,NA,NA,NA,NA,NA,NA,NA,NA
Owen,2019,86,0.383,1726,18119,0.04982618771726535,0.004453488372093023,NA,NA,NA,NA,NA,NA,NA,NA,NA,NA,NA,NA,NA,NA,NA,NA,NA,NA,NA,NA,NA,NA,NA
Owen,2020,50,0.183,1726,18119,0.028968713789107765,0.00366,NA,NA,NA,NA,NA,NA,NA,NA,NA,NA,NA,NA,NA,NA,NA,NA,NA,NA,NA,NA,NA,NA,NA
Owen,2021,69,0.163,1726,18119,0.03997682502896872,0.0023623188405797104,NA,NA,NA,NA,NA,NA,NA,NA,NA,NA,NA,NA,NA,NA,NA,NA,NA,NA,NA,NA,NA,NA,NA
Owen,2022,56,0.22,1726,18119,0.03244495944380069,0.003928571428571429,NA,NA,NA,NA,NA,NA,NA,NA,NA,NA,NA,NA,NA,NA,NA,NA,NA,NA,NA,NA,NA,NA,NA
Parke,2016,35,1.108,1115,18121,0.03139013452914798,0.03165714285714286,NA,NA,NA,NA,NA,NA,NA,NA,NA,NA,NA,NA,NA,NA,NA,NA,NA,NA,NA,NA,NA,NA,NA
Parke,2017,32,1.05,1115,18121,0.028699551569506727,0.0328125,NA,NA,NA,NA,NA,NA,NA,NA,NA,NA,NA,NA,NA,NA,NA,NA,NA,NA,NA,NA,NA,NA,NA
Parke,2018,36,1.4880000000000002,1115,18121,0.03228699551569507,0.04133333333333334,NA,NA,NA,NA,NA,NA,NA,NA,NA,NA,NA,NA,NA,NA,NA,NA,NA,NA,NA,NA,NA,NA,NA
Parke,2019,24,0.41800000000000004,1115,18121,0.021524663677130046,0.017416666666666667,NA,NA,NA,NA,NA,NA,NA,NA,NA,NA,NA,NA,NA,NA,NA,NA,NA,NA,NA,NA,NA,NA,NA
Parke,2020,18,0.201,1115,18121,0.016143497757847534,0.011166666666666667,NA,NA,NA,NA,NA,NA,NA,NA,NA,NA,NA,NA,NA,NA,NA,NA,NA,NA,NA,NA,NA,NA,NA
Parke,2021,26,1.034,1115,18121,0.023318385650224215,0.03976923076923077,NA,NA,NA,NA,NA,NA,NA,NA,NA,NA,NA,NA,NA,NA,NA,NA,NA,NA,NA,NA,NA,NA,NA
Parke,2022,32,0.82,1115,18121,0.028699551569506727,0.025625,NA,NA,NA,NA,NA,NA,NA,NA,NA,NA,NA,NA,NA,NA,NA,NA,NA,NA,NA,NA,NA,NA,NA
Perry,2016,25,0.422,1816,18123,0.013766519823788546,0.01688,NA,NA,NA,NA,NA,NA,NA,NA,NA,NA,NA,NA,NA,NA,NA,NA,NA,NA,NA,NA,NA,NA,NA
Perry,2017,51,2.327,1816,18123,0.028083700440528634,0.045627450980392156,NA,NA,NA,NA,NA,NA,NA,NA,NA,NA,NA,NA,NA,NA,NA,NA,NA,NA,NA,NA,NA,NA,NA
Perry,2018,42,1.348,1816,18123,0.023127753303964757,0.0320952380952381,NA,NA,NA,NA,NA,NA,NA,NA,NA,NA,NA,NA,NA,NA,NA,NA,NA,NA,NA,NA,NA,NA,NA
Perry,2019,61,1,1816,18123,0.03359030837004405,0.01639344262295082,NA,NA,NA,NA,NA,NA,NA,NA,NA,NA,NA,NA,NA,NA,NA,NA,NA,NA,NA,NA,NA,NA,NA
Perry,2020,48,1.057,1816,18123,0.02643171806167401,0.022020833333333333,NA,NA,NA,NA,NA,NA,NA,NA,NA,NA,NA,NA,NA,NA,NA,NA,NA,NA,NA,NA,NA,NA,NA
Perry,2021,38,0.448,1816,18123,0.02092511013215859,0.011789473684210527,NA,NA,NA,NA,NA,NA,NA,NA,NA,NA,NA,NA,NA,NA,NA,NA,NA,NA,NA,NA,NA,NA,NA
Perry,2022,59,1.7990000000000002,1816,18123,0.03248898678414097,0.030491525423728818,NA,NA,NA,NA,NA,NA,NA,NA,NA,NA,NA,NA,NA,NA,NA,NA,NA,NA,NA,NA,NA,NA,NA
Pike,2016,32,0.053,843,18125,0.03795966785290629,0.00165625,NA,NA,NA,NA,NA,NA,NA,NA,NA,NA,NA,NA,NA,NA,NA,NA,NA,NA,NA,NA,NA,NA,NA
Pike,2017,26,0.5589999999999999,843,18125,0.03084223013048636,0.0215,NA,NA,NA,NA,NA,NA,NA,NA,NA,NA,NA,NA,NA,NA,NA,NA,NA,NA,NA,NA,NA,NA,NA
Pike,2018,21,0.103,843,18125,0.02491103202846975,0.004904761904761905,NA,NA,NA,NA,NA,NA,NA,NA,NA,NA,NA,NA,NA,NA,NA,NA,NA,NA,NA,NA,NA,NA,NA
Pike,2019,29,0.169,843,18125,0.03440094899169632,0.005827586206896552,NA,NA,NA,NA,NA,NA,NA,NA,NA,NA,NA,NA,NA,NA,NA,NA,NA,NA,NA,NA,NA,NA,NA
Pike,2020,14,0.038,843,18125,0.0166073546856465,0.0027142857142857142,NA,NA,NA,NA,NA,NA,NA,NA,NA,NA,NA,NA,NA,NA,NA,NA,NA,NA,NA,NA,NA,NA,NA
Pike,2021,9,0.007,843,18125,0.010676156583629894,7.777777777777778e-4,NA,NA,NA,NA,NA,NA,NA,NA,NA,NA,NA,NA,NA,NA,NA,NA,NA,NA,NA,NA,NA,NA,NA
Pike,2022,20,0.05700000000000001,843,18125,0.02372479240806643,0.0028500000000000005,NA,NA,NA,NA,NA,NA,NA,NA,NA,NA,NA,NA,NA,NA,NA,NA,NA,NA,NA,NA,NA,NA,NA
Porter,2016,791,102.308,16406,18127,0.0482140680238937,0.1293400758533502,NA,NA,NA,NA,NA,NA,NA,NA,NA,NA,NA,NA,NA,NA,NA,NA,NA,NA,NA,NA,NA,NA,NA
Porter,2017,811,90.79599999999999,16406,18127,0.0494331342191881,0.11195561035758322,NA,NA,NA,NA,NA,NA,NA,NA,NA,NA,NA,NA,NA,NA,NA,NA,NA,NA,NA,NA,NA,NA,NA
Porter,2018,835,86.595,16406,18127,0.050896013653541385,0.1037065868263473,NA,NA,NA,NA,NA,NA,NA,NA,NA,NA,NA,NA,NA,NA,NA,NA,NA,NA,NA,NA,NA,NA,NA
Porter,2019,964,126.68,16406,18127,0.058758990613190294,0.13141078838174275,NA,NA,NA,NA,NA,NA,NA,NA,NA,NA,NA,NA,NA,NA,NA,NA,NA,NA,NA,NA,NA,NA,NA
Porter,2020,538,55.986,16406,18127,0.03279288065341948,0.1040631970260223,NA,NA,NA,NA,NA,NA,NA,NA,NA,NA,NA,NA,NA,NA,NA,NA,NA,NA,NA,NA,NA,NA,NA
Porter,2021,571,54.215,16406,18127,0.034804339875655246,0.09494746059544659,NA,NA,NA,NA,NA,NA,NA,NA,NA,NA,NA,NA,NA,NA,NA,NA,NA,NA,NA,NA,NA,NA,NA
Porter,2022,686,83.912,16406,18127,0.04181397049859807,0.12232069970845481,NA,NA,NA,NA,NA,NA,NA,NA,NA,NA,NA,NA,NA,NA,NA,NA,NA,NA,NA,NA,NA,NA,NA
Posey,2016,146,3.343,1996,18129,0.07314629258517034,0.022897260273972604,NA,NA,NA,NA,NA,NA,NA,NA,NA,NA,NA,NA,NA,NA,NA,NA,NA,NA,NA,NA,NA,NA,NA
Posey,2017,174,3.625,1996,18129,0.0871743486973948,0.020833333333333332,NA,NA,NA,NA,NA,NA,NA,NA,NA,NA,NA,NA,NA,NA,NA,NA,NA,NA,NA,NA,NA,NA,NA
Posey,2018,139,5.59,1996,18129,0.06963927855711423,0.04021582733812949,NA,NA,NA,NA,NA,NA,NA,NA,NA,NA,NA,NA,NA,NA,NA,NA,NA,NA,NA,NA,NA,NA,NA
Posey,2019,132,1.527,1996,18129,0.06613226452905811,0.011568181818181818,NA,NA,NA,NA,NA,NA,NA,NA,NA,NA,NA,NA,NA,NA,NA,NA,NA,NA,NA,NA,NA,NA,NA
Posey,2020,85,3.202,1996,18129,0.042585170340681364,0.037670588235294115,NA,NA,NA,NA,NA,NA,NA,NA,NA,NA,NA,NA,NA,NA,NA,NA,NA,NA,NA,NA,NA,NA,NA
Posey,2021,108,2.199,1996,18129,0.05410821643286573,0.02036111111111111,NA,NA,NA,NA,NA,NA,NA,NA,NA,NA,NA,NA,NA,NA,NA,NA,NA,NA,NA,NA,NA,NA,NA
Posey,2022,81,1.064,1996,18129,0.0405811623246493,0.013135802469135803,NA,NA,NA,NA,NA,NA,NA,NA,NA,NA,NA,NA,NA,NA,NA,NA,NA,NA,NA,NA,NA,NA,NA
Pulaski,2016,14,0.091,1176,18131,0.011904761904761904,0.0065,NA,NA,NA,NA,NA,NA,NA,NA,NA,NA,NA,NA,NA,NA,NA,NA,NA,NA,NA,NA,NA,NA,NA
Pulaski,2017,30,0.151,1176,18131,0.025510204081632654,0.005033333333333333,NA,NA,NA,NA,NA,NA,NA,NA,NA,NA,NA,NA,NA,NA,NA,NA,NA,NA,NA,NA,NA,NA,NA
Pulaski,2018,24,0.115,1176,18131,0.02040816326530612,0.004791666666666667,NA,NA,NA,NA,NA,NA,NA,NA,NA,NA,NA,NA,NA,NA,NA,NA,NA,NA,NA,NA,NA,NA,NA
Pulaski,2019,28,0.14800000000000002,1176,18131,0.023809523809523808,0.005285714285714287,NA,NA,NA,NA,NA,NA,NA,NA,NA,NA,NA,NA,NA,NA,NA,NA,NA,NA,NA,NA,NA,NA,NA
Pulaski,2020,17,0.056,1176,18131,0.01445578231292517,0.0032941176470588237,NA,NA,NA,NA,NA,NA,NA,NA,NA,NA,NA,NA,NA,NA,NA,NA,NA,NA,NA,NA,NA,NA,NA
Pulaski,2021,40,0.148,1176,18131,0.034013605442176874,0.0036999999999999997,NA,NA,NA,NA,NA,NA,NA,NA,NA,NA,NA,NA,NA,NA,NA,NA,NA,NA,NA,NA,NA,NA,NA
Pulaski,2022,31,0.132,1176,18131,0.026360544217687076,0.0042580645161290325,NA,NA,NA,NA,NA,NA,NA,NA,NA,NA,NA,NA,NA,NA,NA,NA,NA,NA,NA,NA,NA,NA,NA
Putnam,2016,113,2.355,3575,18133,0.03160839160839161,0.02084070796460177,NA,NA,NA,NA,NA,NA,NA,NA,NA,NA,NA,NA,NA,NA,NA,NA,NA,NA,NA,NA,NA,NA,NA
Putnam,2017,138,3.05,3575,18133,0.0386013986013986,0.02210144927536232,NA,NA,NA,NA,NA,NA,NA,NA,NA,NA,NA,NA,NA,NA,NA,NA,NA,NA,NA,NA,NA,NA,NA
Putnam,2018,104,1.673,3575,18133,0.02909090909090909,0.01608653846153846,NA,NA,NA,NA,NA,NA,NA,NA,NA,NA,NA,NA,NA,NA,NA,NA,NA,NA,NA,NA,NA,NA,NA
Putnam,2019,106,2.953,3575,18133,0.029650349650349652,0.027858490566037734,NA,NA,NA,NA,NA,NA,NA,NA,NA,NA,NA,NA,NA,NA,NA,NA,NA,NA,NA,NA,NA,NA,NA
Putnam,2020,73,1.276,3575,18133,0.02041958041958042,0.017479452054794523,NA,NA,NA,NA,NA,NA,NA,NA,NA,NA,NA,NA,NA,NA,NA,NA,NA,NA,NA,NA,NA,NA,NA
Putnam,2021,109,2.378,3575,18133,0.03048951048951049,0.02181651376146789,NA,NA,NA,NA,NA,NA,NA,NA,NA,NA,NA,NA,NA,NA,NA,NA,NA,NA,NA,NA,NA,NA,NA
Putnam,2022,78,1.293,3575,18133,0.02181818181818182,0.016576923076923076,NA,NA,NA,NA,NA,NA,NA,NA,NA,NA,NA,NA,NA,NA,NA,NA,NA,NA,NA,NA,NA,NA,NA
Randolph,2016,35,0.28500000000000003,2371,18135,0.014761703922395614,0.008142857142857144,NA,NA,NA,NA,NA,NA,NA,NA,NA,NA,NA,NA,NA,NA,NA,NA,NA,NA,NA,NA,NA,NA,NA
Randolph,2017,13,0.134,2371,18135,0.005482918599746942,0.010307692307692308,NA,NA,NA,NA,NA,NA,NA,NA,NA,NA,NA,NA,NA,NA,NA,NA,NA,NA,NA,NA,NA,NA,NA
Randolph,2018,19,0.051,2371,18135,0.008013496415014762,0.0026842105263157894,NA,NA,NA,NA,NA,NA,NA,NA,NA,NA,NA,NA,NA,NA,NA,NA,NA,NA,NA,NA,NA,NA,NA
Randolph,2019,14,0.053,2371,18135,0.005904681568958245,0.0037857142857142855,NA,NA,NA,NA,NA,NA,NA,NA,NA,NA,NA,NA,NA,NA,NA,NA,NA,NA,NA,NA,NA,NA,NA
Randolph,2020,7,0.037,2371,18135,0.0029523407844791226,0.005285714285714285,NA,NA,NA,NA,NA,NA,NA,NA,NA,NA,NA,NA,NA,NA,NA,NA,NA,NA,NA,NA,NA,NA,NA
Randolph,2021,83,0.459,2371,18135,0.03500632644453817,0.005530120481927711,NA,NA,NA,NA,NA,NA,NA,NA,NA,NA,NA,NA,NA,NA,NA,NA,NA,NA,NA,NA,NA,NA,NA
Randolph,2022,91,0.568,2371,18135,0.03838043019822859,0.006241758241758241,NA,NA,NA,NA,NA,NA,NA,NA,NA,NA,NA,NA,NA,NA,NA,NA,NA,NA,NA,NA,NA,NA,NA
Ripley,2016,73,0.214,2613,18137,0.027937236892460773,0.0029315068493150683,NA,NA,NA,NA,NA,NA,NA,NA,NA,NA,NA,NA,NA,NA,NA,NA,NA,NA,NA,NA,NA,NA,NA
Ripley,2017,73,0.731,2613,18137,0.027937236892460773,0.010013698630136986,NA,NA,NA,NA,NA,NA,NA,NA,NA,NA,NA,NA,NA,NA,NA,NA,NA,NA,NA,NA,NA,NA,NA
Ripley,2018,75,0.195,2613,18137,0.02870264064293915,0.0026,NA,NA,NA,NA,NA,NA,NA,NA,NA,NA,NA,NA,NA,NA,NA,NA,NA,NA,NA,NA,NA,NA,NA
Ripley,2019,70,0.107,2613,18137,0.026789131266743208,0.0015285714285714286,NA,NA,NA,NA,NA,NA,NA,NA,NA,NA,NA,NA,NA,NA,NA,NA,NA,NA,NA,NA,NA,NA,NA
Ripley,2020,39,0.081,2613,18137,0.014925373134328358,0.002076923076923077,NA,NA,NA,NA,NA,NA,NA,NA,NA,NA,NA,NA,NA,NA,NA,NA,NA,NA,NA,NA,NA,NA,NA
Ripley,2021,68,0.17200000000000001,2613,18137,0.02602372751626483,0.0025294117647058825,NA,NA,NA,NA,NA,NA,NA,NA,NA,NA,NA,NA,NA,NA,NA,NA,NA,NA,NA,NA,NA,NA,NA
Ripley,2022,51,0.096,2613,18137,0.01951779563719862,0.0018823529411764706,NA,NA,NA,NA,NA,NA,NA,NA,NA,NA,NA,NA,NA,NA,NA,NA,NA,NA,NA,NA,NA,NA,NA
Rush,2016,66,0.382,2025,18139,0.03259259259259259,0.005787878787878788,NA,NA,NA,NA,NA,NA,NA,NA,NA,NA,NA,NA,NA,NA,NA,NA,NA,NA,NA,NA,NA,NA,NA
Rush,2017,49,0.315,2025,18139,0.02419753086419753,0.0064285714285714285,NA,NA,NA,NA,NA,NA,NA,NA,NA,NA,NA,NA,NA,NA,NA,NA,NA,NA,NA,NA,NA,NA,NA
Rush,2018,64,0.381,2025,18139,0.03160493827160494,0.005953125,NA,NA,NA,NA,NA,NA,NA,NA,NA,NA,NA,NA,NA,NA,NA,NA,NA,NA,NA,NA,NA,NA,NA
Rush,2019,88,1.011,2025,18139,0.04345679012345679,0.011488636363636362,NA,NA,NA,NA,NA,NA,NA,NA,NA,NA,NA,NA,NA,NA,NA,NA,NA,NA,NA,NA,NA,NA,NA
Rush,2020,42,0.336,2025,18139,0.02074074074074074,0.008,NA,NA,NA,NA,NA,NA,NA,NA,NA,NA,NA,NA,NA,NA,NA,NA,NA,NA,NA,NA,NA,NA,NA
Rush,2021,61,0.323,2025,18139,0.030123456790123456,0.005295081967213115,NA,NA,NA,NA,NA,NA,NA,NA,NA,NA,NA,NA,NA,NA,NA,NA,NA,NA,NA,NA,NA,NA,NA
Rush,2022,55,0.576,2025,18139,0.027160493827160494,0.010472727272727272,NA,NA,NA,NA,NA,NA,NA,NA,NA,NA,NA,NA,NA,NA,NA,NA,NA,NA,NA,NA,NA,NA,NA
Scott,2016,176,2.9050000000000002,3134,18143,0.05615826419910657,0.01650568181818182,NA,NA,NA,NA,NA,NA,NA,NA,NA,NA,NA,NA,NA,NA,NA,NA,NA,NA,NA,NA,NA,NA,NA
Scott,2017,260,1.8679999999999999,3134,18143,0.08296107211231653,0.007184615384615384,NA,NA,NA,NA,NA,NA,NA,NA,NA,NA,NA,NA,NA,NA,NA,NA,NA,NA,NA,NA,NA,NA,NA
Scott,2018,286,3.138,3134,18143,0.09125717932354818,0.010972027972027973,NA,NA,NA,NA,NA,NA,NA,NA,NA,NA,NA,NA,NA,NA,NA,NA,NA,NA,NA,NA,NA,NA,NA
Scott,2019,291,2.201,3134,18143,0.09285258455647734,0.007563573883161512,NA,NA,NA,NA,NA,NA,NA,NA,NA,NA,NA,NA,NA,NA,NA,NA,NA,NA,NA,NA,NA,NA,NA
Scott,2020,173,0.97,3134,18143,0.05520102105934908,0.005606936416184971,NA,NA,NA,NA,NA,NA,NA,NA,NA,NA,NA,NA,NA,NA,NA,NA,NA,NA,NA,NA,NA,NA,NA
Scott,2021,198,1.809,3134,18143,0.0631780472239949,0.009136363636363637,NA,NA,NA,NA,NA,NA,NA,NA,NA,NA,NA,NA,NA,NA,NA,NA,NA,NA,NA,NA,NA,NA,NA
Scott,2022,162,1.043,3134,18143,0.05169112954690491,0.006438271604938271,NA,NA,NA,NA,NA,NA,NA,NA,NA,NA,NA,NA,NA,NA,NA,NA,NA,NA,NA,NA,NA,NA,NA
Shelby,2016,340,11.027000000000001,4837,18145,0.07029150299772587,0.032432352941176475,NA,NA,NA,NA,NA,NA,NA,NA,NA,NA,NA,NA,NA,NA,NA,NA,NA,NA,NA,NA,NA,NA,NA
Shelby,2017,331,6.718,4837,18145,0.06843084556543312,0.02029607250755287,NA,NA,NA,NA,NA,NA,NA,NA,NA,NA,NA,NA,NA,NA,NA,NA,NA,NA,NA,NA,NA,NA,NA
Shelby,2018,360,7.8389999999999995,4837,18145,0.07442629729170974,0.021775,NA,NA,NA,NA,NA,NA,NA,NA,NA,NA,NA,NA,NA,NA,NA,NA,NA,NA,NA,NA,NA,NA,NA
Shelby,2019,505,9.821,4837,18145,0.10440355592309282,0.019447524752475246,NA,NA,NA,NA,NA,NA,NA,NA,NA,NA,NA,NA,NA,NA,NA,NA,NA,NA,NA,NA,NA,NA,NA
Shelby,2020,273,7.519,4837,18145,0.056439942112879886,0.02754212454212454,NA,NA,NA,NA,NA,NA,NA,NA,NA,NA,NA,NA,NA,NA,NA,NA,NA,NA,NA,NA,NA,NA,NA
Shelby,2021,313,7.932,4837,18145,0.06470953070084763,0.02534185303514377,NA,NA,NA,NA,NA,NA,NA,NA,NA,NA,NA,NA,NA,NA,NA,NA,NA,NA,NA,NA,NA,NA,NA
Shelby,2022,269,7.008,4837,18145,0.055612983254083106,0.02605204460966543,NA,NA,NA,NA,NA,NA,NA,NA,NA,NA,NA,NA,NA,NA,NA,NA,NA,NA,NA,NA,NA,NA,NA
Spencer,2016,34,0.10099999999999999,1526,18147,0.022280471821756225,0.0029705882352941172,NA,NA,NA,NA,NA,NA,NA,NA,NA,NA,NA,NA,NA,NA,NA,NA,NA,NA,NA,NA,NA,NA,NA
Spencer,2017,22,0.101,1526,18147,0.014416775884665793,0.004590909090909091,NA,NA,NA,NA,NA,NA,NA,NA,NA,NA,NA,NA,NA,NA,NA,NA,NA,NA,NA,NA,NA,NA,NA
Spencer,2018,27,0.20299999999999999,1526,18147,0.017693315858453473,0.007518518518518518,NA,NA,NA,NA,NA,NA,NA,NA,NA,NA,NA,NA,NA,NA,NA,NA,NA,NA,NA,NA,NA,NA,NA
Spencer,2019,24,0.251,1526,18147,0.015727391874180863,0.010458333333333333,NA,NA,NA,NA,NA,NA,NA,NA,NA,NA,NA,NA,NA,NA,NA,NA,NA,NA,NA,NA,NA,NA,NA
Spencer,2020,26,0.284,1526,18147,0.01703800786369594,0.010923076923076923,NA,NA,NA,NA,NA,NA,NA,NA,NA,NA,NA,NA,NA,NA,NA,NA,NA,NA,NA,NA,NA,NA,NA
Spencer,2021,36,0.157,1526,18147,0.023591087811271297,0.004361111111111111,NA,NA,NA,NA,NA,NA,NA,NA,NA,NA,NA,NA,NA,NA,NA,NA,NA,NA,NA,NA,NA,NA,NA
Spencer,2022,43,0.305,1526,18147,0.02817824377457405,0.007093023255813954,NA,NA,NA,NA,NA,NA,NA,NA,NA,NA,NA,NA,NA,NA,NA,NA,NA,NA,NA,NA,NA,NA,NA
St. Joseph,2016,3276,1250.369,33541,18141,0.0976715065144152,0.3816755189255189,NA,NA,NA,NA,NA,NA,NA,NA,NA,NA,NA,NA,NA,NA,NA,NA,NA,NA,NA,NA,NA,NA,NA
St. Joseph,2017,3112,1202.6680000000001,33541,18141,0.09278196833725888,0.386461439588689,NA,NA,NA,NA,NA,NA,NA,NA,NA,NA,NA,NA,NA,NA,NA,NA,NA,NA,NA,NA,NA,NA,NA
St. Joseph,2018,3243,1210.334,33541,18141,0.09668763602754837,0.3732143077397472,NA,NA,NA,NA,NA,NA,NA,NA,NA,NA,NA,NA,NA,NA,NA,NA,NA,NA,NA,NA,NA,NA,NA
St. Joseph,2019,3039,1168.554,33541,18141,0.09060552756328076,0.38451924975320834,NA,NA,NA,NA,NA,NA,NA,NA,NA,NA,NA,NA,NA,NA,NA,NA,NA,NA,NA,NA,NA,NA,NA
St. Joseph,2020,1374,508.21,33541,18141,0.04096478936227304,0.36987627365356623,NA,NA,NA,NA,NA,NA,NA,NA,NA,NA,NA,NA,NA,NA,NA,NA,NA,NA,NA,NA,NA,NA,NA
St. Joseph,2021,1922,669.142,33541,18141,0.057303002295697805,0.34814880332986475,NA,NA,NA,NA,NA,NA,NA,NA,NA,NA,NA,NA,NA,NA,NA,NA,NA,NA,NA,NA,NA,NA,NA
St. Joseph,2022,2328,897.159,33541,18141,0.06940759070987747,0.3853775773195876,NA,NA,NA,NA,NA,NA,NA,NA,NA,NA,NA,NA,NA,NA,NA,NA,NA,NA,NA,NA,NA,NA,NA
Starke,2016,55,0.237,1417,18149,0.03881439661256175,0.004309090909090909,NA,NA,NA,NA,NA,NA,NA,NA,NA,NA,NA,NA,NA,NA,NA,NA,NA,NA,NA,NA,NA,NA,NA
Starke,2017,50,0.101,1417,18149,0.035285815102328866,0.00202,NA,NA,NA,NA,NA,NA,NA,NA,NA,NA,NA,NA,NA,NA,NA,NA,NA,NA,NA,NA,NA,NA,NA
Starke,2018,56,0.286,1417,18149,0.03952011291460833,0.005107142857142857,NA,NA,NA,NA,NA,NA,NA,NA,NA,NA,NA,NA,NA,NA,NA,NA,NA,NA,NA,NA,NA,NA,NA
Starke,2019,41,0.094,1417,18149,0.02893436838390967,0.002292682926829268,NA,NA,NA,NA,NA,NA,NA,NA,NA,NA,NA,NA,NA,NA,NA,NA,NA,NA,NA,NA,NA,NA,NA
Starke,2020,25,0.063,1417,18149,0.017642907551164433,0.00252,NA,NA,NA,NA,NA,NA,NA,NA,NA,NA,NA,NA,NA,NA,NA,NA,NA,NA,NA,NA,NA,NA,NA
Starke,2021,45,0.14200000000000002,1417,18149,0.03175723359209598,0.003155555555555556,NA,NA,NA,NA,NA,NA,NA,NA,NA,NA,NA,NA,NA,NA,NA,NA,NA,NA,NA,NA,NA,NA,NA
Starke,2022,35,0.101,1417,18149,0.024700070571630206,0.0028857142857142857,NA,NA,NA,NA,NA,NA,NA,NA,NA,NA,NA,NA,NA,NA,NA,NA,NA,NA,NA,NA,NA,NA,NA
Steuben,2016,157,1.7730000000000001,2828,18151,0.05551626591230552,0.01129299363057325,NA,NA,NA,NA,NA,NA,NA,NA,NA,NA,NA,NA,NA,NA,NA,NA,NA,NA,NA,NA,NA,NA,NA
Steuben,2017,120,0.655,2828,18151,0.042432814710042434,0.005458333333333333,NA,NA,NA,NA,NA,NA,NA,NA,NA,NA,NA,NA,NA,NA,NA,NA,NA,NA,NA,NA,NA,NA,NA
Steuben,2018,96,0.459,2828,18151,0.033946251768033946,0.00478125,NA,NA,NA,NA,NA,NA,NA,NA,NA,NA,NA,NA,NA,NA,NA,NA,NA,NA,NA,NA,NA,NA,NA
Steuben,2019,99,0.448,2828,18151,0.03500707213578501,0.004525252525252525,NA,NA,NA,NA,NA,NA,NA,NA,NA,NA,NA,NA,NA,NA,NA,NA,NA,NA,NA,NA,NA,NA,NA
Steuben,2020,98,0.877,2828,18151,0.034653465346534656,0.008948979591836735,NA,NA,NA,NA,NA,NA,NA,NA,NA,NA,NA,NA,NA,NA,NA,NA,NA,NA,NA,NA,NA,NA,NA
Steuben,2021,94,1.069,2828,18151,0.03323903818953324,0.011372340425531915,NA,NA,NA,NA,NA,NA,NA,NA,NA,NA,NA,NA,NA,NA,NA,NA,NA,NA,NA,NA,NA,NA,NA
Steuben,2022,111,1.076,2828,18151,0.03925035360678925,0.009693693693693694,NA,NA,NA,NA,NA,NA,NA,NA,NA,NA,NA,NA,NA,NA,NA,NA,NA,NA,NA,NA,NA,NA,NA
Sullivan,2016,30,0.162,1895,18153,0.0158311345646438,0.0054,NA,NA,NA,NA,NA,NA,NA,NA,NA,NA,NA,NA,NA,NA,NA,NA,NA,NA,NA,NA,NA,NA,NA
Sullivan,2017,16,0.025,1895,18153,0.008443271767810026,0.0015625,NA,NA,NA,NA,NA,NA,NA,NA,NA,NA,NA,NA,NA,NA,NA,NA,NA,NA,NA,NA,NA,NA,NA
Sullivan,2018,23,0.113,1895,18153,0.012137203166226913,0.00491304347826087,NA,NA,NA,NA,NA,NA,NA,NA,NA,NA,NA,NA,NA,NA,NA,NA,NA,NA,NA,NA,NA,NA,NA
Sullivan,2019,35,0.469,1895,18153,0.018469656992084433,0.013399999999999999,NA,NA,NA,NA,NA,NA,NA,NA,NA,NA,NA,NA,NA,NA,NA,NA,NA,NA,NA,NA,NA,NA,NA
Sullivan,2020,44,1.526,1895,18153,0.023218997361477572,0.03468181818181818,NA,NA,NA,NA,NA,NA,NA,NA,NA,NA,NA,NA,NA,NA,NA,NA,NA,NA,NA,NA,NA,NA,NA
Sullivan,2021,66,0.162,1895,18153,0.034828496042216356,0.0024545454545454545,NA,NA,NA,NA,NA,NA,NA,NA,NA,NA,NA,NA,NA,NA,NA,NA,NA,NA,NA,NA,NA,NA,NA
Sullivan,2022,68,1.744,1895,18153,0.035883905013192614,0.02564705882352941,NA,NA,NA,NA,NA,NA,NA,NA,NA,NA,NA,NA,NA,NA,NA,NA,NA,NA,NA,NA,NA,NA,NA
Switzerland,2016,10,0.025,785,18155,0.012738853503184714,0.0025,NA,NA,NA,NA,NA,NA,NA,NA,NA,NA,NA,NA,NA,NA,NA,NA,NA,NA,NA,NA,NA,NA,NA
Switzerland,2017,2,0,785,18155,0.0025477707006369425,0,NA,NA,NA,NA,NA,NA,NA,NA,NA,NA,NA,NA,NA,NA,NA,NA,NA,NA,NA,NA,NA,NA,NA
Switzerland,2018,4,0.003,785,18155,0.005095541401273885,7.5e-4,NA,NA,NA,NA,NA,NA,NA,NA,NA,NA,NA,NA,NA,NA,NA,NA,NA,NA,NA,NA,NA,NA,NA
Switzerland,2019,0,0,785,18155,0,NA,NA,NA,NA,NA,NA,NA,NA,NA,NA,NA,NA,NA,NA,NA,NA,NA,NA,NA,NA,NA,NA,NA,NA
Switzerland,2020,6,0.005,785,18155,0.007643312101910828,8.333333333333334e-4,NA,NA,NA,NA,NA,NA,NA,NA,NA,NA,NA,NA,NA,NA,NA,NA,NA,NA,NA,NA,NA,NA,NA
Switzerland,2021,28,0.017,785,18155,0.035668789808917196,6.071428571428572e-4,NA,NA,NA,NA,NA,NA,NA,NA,NA,NA,NA,NA,NA,NA,NA,NA,NA,NA,NA,NA,NA,NA,NA
Switzerland,2022,23,0.061000000000000006,785,18155,0.02929936305732484,0.0026521739130434784,NA,NA,NA,NA,NA,NA,NA,NA,NA,NA,NA,NA,NA,NA,NA,NA,NA,NA,NA,NA,NA,NA,NA
Tippecanoe,2016,1687,359.399,32798,18157,0.05143606317458382,0.21304030823947837,NA,NA,NA,NA,NA,NA,NA,NA,NA,NA,NA,NA,NA,NA,NA,NA,NA,NA,NA,NA,NA,NA,NA
Tippecanoe,2017,1655,342.236,32798,18157,0.05046039392645893,0.2067891238670695,NA,NA,NA,NA,NA,NA,NA,NA,NA,NA,NA,NA,NA,NA,NA,NA,NA,NA,NA,NA,NA,NA,NA
Tippecanoe,2018,2037,425.517,32798,18157,0.06210744557594975,0.2088939617083947,NA,NA,NA,NA,NA,NA,NA,NA,NA,NA,NA,NA,NA,NA,NA,NA,NA,NA,NA,NA,NA,NA,NA
Tippecanoe,2019,1827,437.541,32798,18157,0.05570461613513019,0.23948604269293924,NA,NA,NA,NA,NA,NA,NA,NA,NA,NA,NA,NA,NA,NA,NA,NA,NA,NA,NA,NA,NA,NA,NA
Tippecanoe,2020,990,218.813,32798,18157,0.03018476736386365,0.22102323232323232,NA,NA,NA,NA,NA,NA,NA,NA,NA,NA,NA,NA,NA,NA,NA,NA,NA,NA,NA,NA,NA,NA,NA
Tippecanoe,2021,1330,284.802,32798,18157,0.04055125312519056,0.21413684210526318,NA,NA,NA,NA,NA,NA,NA,NA,NA,NA,NA,NA,NA,NA,NA,NA,NA,NA,NA,NA,NA,NA,NA
Tippecanoe,2022,1325,279.024,32798,18157,0.040398804805171044,0.21058415094339622,NA,NA,NA,NA,NA,NA,NA,NA,NA,NA,NA,NA,NA,NA,NA,NA,NA,NA,NA,NA,NA,NA,NA
Tipton,2016,82,0.346,1134,18159,0.07231040564373897,0.004219512195121951,NA,NA,NA,NA,NA,NA,NA,NA,NA,NA,NA,NA,NA,NA,NA,NA,NA,NA,NA,NA,NA,NA,NA
Tipton,2017,93,0.372,1134,18159,0.082010582010582,0.004,NA,NA,NA,NA,NA,NA,NA,NA,NA,NA,NA,NA,NA,NA,NA,NA,NA,NA,NA,NA,NA,NA,NA
Tipton,2018,80,0.49500000000000005,1134,18159,0.07054673721340388,0.0061875,NA,NA,NA,NA,NA,NA,NA,NA,NA,NA,NA,NA,NA,NA,NA,NA,NA,NA,NA,NA,NA,NA,NA
Tipton,2019,64,0.1,1134,18159,0.0564373897707231,0.0015625,NA,NA,NA,NA,NA,NA,NA,NA,NA,NA,NA,NA,NA,NA,NA,NA,NA,NA,NA,NA,NA,NA,NA
Tipton,2020,34,0.184,1134,18159,0.029982363315696647,0.005411764705882353,NA,NA,NA,NA,NA,NA,NA,NA,NA,NA,NA,NA,NA,NA,NA,NA,NA,NA,NA,NA,NA,NA,NA
Tipton,2021,46,0.114,1134,18159,0.04056437389770723,0.0024782608695652175,NA,NA,NA,NA,NA,NA,NA,NA,NA,NA,NA,NA,NA,NA,NA,NA,NA,NA,NA,NA,NA,NA,NA
Tipton,2022,62,0.137,1134,18159,0.054673721340388004,0.002209677419354839,NA,NA,NA,NA,NA,NA,NA,NA,NA,NA,NA,NA,NA,NA,NA,NA,NA,NA,NA,NA,NA,NA,NA
Union,2016,28,0.421,614,18161,0.04560260586319218,0.015035714285714286,NA,NA,NA,NA,NA,NA,NA,NA,NA,NA,NA,NA,NA,NA,NA,NA,NA,NA,NA,NA,NA,NA,NA
Union,2017,24,0.157,614,18161,0.03908794788273615,0.006541666666666667,NA,NA,NA,NA,NA,NA,NA,NA,NA,NA,NA,NA,NA,NA,NA,NA,NA,NA,NA,NA,NA,NA,NA
Union,2018,28,0.32,614,18161,0.04560260586319218,0.011428571428571429,NA,NA,NA,NA,NA,NA,NA,NA,NA,NA,NA,NA,NA,NA,NA,NA,NA,NA,NA,NA,NA,NA,NA
Union,2019,22,0.177,614,18161,0.035830618892508145,0.008045454545454545,NA,NA,NA,NA,NA,NA,NA,NA,NA,NA,NA,NA,NA,NA,NA,NA,NA,NA,NA,NA,NA,NA,NA
Union,2020,17,0.101,614,18161,0.02768729641693811,0.005941176470588235,NA,NA,NA,NA,NA,NA,NA,NA,NA,NA,NA,NA,NA,NA,NA,NA,NA,NA,NA,NA,NA,NA,NA
Union,2021,19,0.027,614,18161,0.030944625407166124,0.0014210526315789472,NA,NA,NA,NA,NA,NA,NA,NA,NA,NA,NA,NA,NA,NA,NA,NA,NA,NA,NA,NA,NA,NA,NA
Union,2022,19,0.033,614,18161,0.030944625407166124,0.001736842105263158,NA,NA,NA,NA,NA,NA,NA,NA,NA,NA,NA,NA,NA,NA,NA,NA,NA,NA,NA,NA,NA,NA,NA
Vanderburgh,2016,3090,786.308,26890,18163,0.11491260691706955,0.25446860841423946,NA,NA,NA,NA,NA,NA,NA,NA,NA,NA,NA,NA,NA,NA,NA,NA,NA,NA,NA,NA,NA,NA,NA
Vanderburgh,2017,3106,783.547,26890,18163,0.1155076236519152,0.2522688345138442,NA,NA,NA,NA,NA,NA,NA,NA,NA,NA,NA,NA,NA,NA,NA,NA,NA,NA,NA,NA,NA,NA,NA
Vanderburgh,2018,3073,787.13,26890,18163,0.11428040163629602,0.25614383338756913,NA,NA,NA,NA,NA,NA,NA,NA,NA,NA,NA,NA,NA,NA,NA,NA,NA,NA,NA,NA,NA,NA,NA
Vanderburgh,2019,3103,782.028,26890,18163,0.11539605801413165,0.2520232033515952,NA,NA,NA,NA,NA,NA,NA,NA,NA,NA,NA,NA,NA,NA,NA,NA,NA,NA,NA,NA,NA,NA,NA
Vanderburgh,2020,1772,464.617,26890,18163,0.06589810338415768,0.2621992099322799,NA,NA,NA,NA,NA,NA,NA,NA,NA,NA,NA,NA,NA,NA,NA,NA,NA,NA,NA,NA,NA,NA,NA
Vanderburgh,2021,2234,484.265,26890,18163,0.08307921160282633,0.21677036705461056,NA,NA,NA,NA,NA,NA,NA,NA,NA,NA,NA,NA,NA,NA,NA,NA,NA,NA,NA,NA,NA,NA,NA
Vanderburgh,2022,2561,595.833,26890,18163,0.09523986612123465,0.23265638422491214,NA,NA,NA,NA,NA,NA,NA,NA,NA,NA,NA,NA,NA,NA,NA,NA,NA,NA,NA,NA,NA,NA,NA
Vermillion,2016,21,0.042,1572,18165,0.013358778625954198,0.002,NA,NA,NA,NA,NA,NA,NA,NA,NA,NA,NA,NA,NA,NA,NA,NA,NA,NA,NA,NA,NA,NA,NA
Vermillion,2017,26,0.056,1572,18165,0.01653944020356234,0.0021538461538461538,NA,NA,NA,NA,NA,NA,NA,NA,NA,NA,NA,NA,NA,NA,NA,NA,NA,NA,NA,NA,NA,NA,NA
Vermillion,2018,28,0.074,1572,18165,0.017811704834605598,0.0026428571428571425,NA,NA,NA,NA,NA,NA,NA,NA,NA,NA,NA,NA,NA,NA,NA,NA,NA,NA,NA,NA,NA,NA,NA
Vermillion,2019,13,0.119,1572,18165,0.00826972010178117,0.009153846153846153,NA,NA,NA,NA,NA,NA,NA,NA,NA,NA,NA,NA,NA,NA,NA,NA,NA,NA,NA,NA,NA,NA,NA
Vermillion,2020,15,0.124,1572,18165,0.009541984732824428,0.008266666666666667,NA,NA,NA,NA,NA,NA,NA,NA,NA,NA,NA,NA,NA,NA,NA,NA,NA,NA,NA,NA,NA,NA,NA
Vermillion,2021,37,0.125,1572,18165,0.023536895674300253,0.0033783783783783786,NA,NA,NA,NA,NA,NA,NA,NA,NA,NA,NA,NA,NA,NA,NA,NA,NA,NA,NA,NA,NA,NA,NA
Vermillion,2022,52,0.691,1572,18165,0.03307888040712468,0.013288461538461537,NA,NA,NA,NA,NA,NA,NA,NA,NA,NA,NA,NA,NA,NA,NA,NA,NA,NA,NA,NA,NA,NA,NA
Vigo,2016,1183,137.383,15734,18167,0.07518749205542138,0.11613102282333053,NA,NA,NA,NA,NA,NA,NA,NA,NA,NA,NA,NA,NA,NA,NA,NA,NA,NA,NA,NA,NA,NA,NA
Vigo,2017,1092,125.412,15734,18167,0.06940383882038896,0.11484615384615385,NA,NA,NA,NA,NA,NA,NA,NA,NA,NA,NA,NA,NA,NA,NA,NA,NA,NA,NA,NA,NA,NA,NA
Vigo,2018,1110,123.577,15734,18167,0.07054785814160416,0.11133063063063063,NA,NA,NA,NA,NA,NA,NA,NA,NA,NA,NA,NA,NA,NA,NA,NA,NA,NA,NA,NA,NA,NA,NA
Vigo,2019,1160,149.023,15734,18167,0.07372568958942417,0.12846810344827586,NA,NA,NA,NA,NA,NA,NA,NA,NA,NA,NA,NA,NA,NA,NA,NA,NA,NA,NA,NA,NA,NA,NA
Vigo,2020,766,94.071,15734,18167,0.048684377780602514,0.12280809399477806,NA,NA,NA,NA,NA,NA,NA,NA,NA,NA,NA,NA,NA,NA,NA,NA,NA,NA,NA,NA,NA,NA,NA
Vigo,2021,803,98.746,15734,18167,0.05103597305198932,0.12297135740971357,NA,NA,NA,NA,NA,NA,NA,NA,NA,NA,NA,NA,NA,NA,NA,NA,NA,NA,NA,NA,NA,NA,NA
Vigo,2022,930,109.304,15734,18167,0.059107664929452144,0.11753118279569892,NA,NA,NA,NA,NA,NA,NA,NA,NA,NA,NA,NA,NA,NA,NA,NA,NA,NA,NA,NA,NA,NA,NA
Wabash,2016,77,0.317,2907,18169,0.026487788097695218,0.004116883116883117,NA,NA,NA,NA,NA,NA,NA,NA,NA,NA,NA,NA,NA,NA,NA,NA,NA,NA,NA,NA,NA,NA,NA
Wabash,2017,103,0.726,2907,18169,0.03543171654626763,0.007048543689320388,NA,NA,NA,NA,NA,NA,NA,NA,NA,NA,NA,NA,NA,NA,NA,NA,NA,NA,NA,NA,NA,NA,NA
Wabash,2018,93,0.79,2907,18169,0.03199174406604747,0.00849462365591398,NA,NA,NA,NA,NA,NA,NA,NA,NA,NA,NA,NA,NA,NA,NA,NA,NA,NA,NA,NA,NA,NA,NA
Wabash,2019,96,0.754,2907,18169,0.033023735810113516,0.007854166666666667,NA,NA,NA,NA,NA,NA,NA,NA,NA,NA,NA,NA,NA,NA,NA,NA,NA,NA,NA,NA,NA,NA,NA
Wabash,2020,67,0.643,2907,18169,0.02304781561747506,0.009597014925373135,NA,NA,NA,NA,NA,NA,NA,NA,NA,NA,NA,NA,NA,NA,NA,NA,NA,NA,NA,NA,NA,NA,NA
Wabash,2021,91,1.06,2907,18169,0.03130374957000344,0.01164835164835165,NA,NA,NA,NA,NA,NA,NA,NA,NA,NA,NA,NA,NA,NA,NA,NA,NA,NA,NA,NA,NA,NA,NA
Wabash,2022,74,1.314,2907,18169,0.02545579635362917,0.017756756756756756,NA,NA,NA,NA,NA,NA,NA,NA,NA,NA,NA,NA,NA,NA,NA,NA,NA,NA,NA,NA,NA,NA,NA
Warren,2016,9,0.01,609,18171,0.014778325123152709,0.0011111111111111111,NA,NA,NA,NA,NA,NA,NA,NA,NA,NA,NA,NA,NA,NA,NA,NA,NA,NA,NA,NA,NA,NA,NA
Warren,2017,8,0.004,609,18171,0.013136288998357963,5e-4,NA,NA,NA,NA,NA,NA,NA,NA,NA,NA,NA,NA,NA,NA,NA,NA,NA,NA,NA,NA,NA,NA,NA
Warren,2018,14,0.025,609,18171,0.022988505747126436,0.0017857142857142859,NA,NA,NA,NA,NA,NA,NA,NA,NA,NA,NA,NA,NA,NA,NA,NA,NA,NA,NA,NA,NA,NA,NA
Warren,2019,7,0.006,609,18171,0.011494252873563218,8.571428571428572e-4,NA,NA,NA,NA,NA,NA,NA,NA,NA,NA,NA,NA,NA,NA,NA,NA,NA,NA,NA,NA,NA,NA,NA
Warren,2020,15,0.019,609,18171,0.024630541871921183,0.0012666666666666666,NA,NA,NA,NA,NA,NA,NA,NA,NA,NA,NA,NA,NA,NA,NA,NA,NA,NA,NA,NA,NA,NA,NA
Warren,2021,8,0.003,609,18171,0.013136288998357963,3.75e-4,NA,NA,NA,NA,NA,NA,NA,NA,NA,NA,NA,NA,NA,NA,NA,NA,NA,NA,NA,NA,NA,NA,NA
Warren,2022,17,0.004,609,18171,0.027914614121510674,2.3529411764705883e-4,NA,NA,NA,NA,NA,NA,NA,NA,NA,NA,NA,NA,NA,NA,NA,NA,NA,NA,NA,NA,NA,NA,NA
Warrick,2016,325,12.605,4703,18173,0.06910482670635765,0.03878461538461538,NA,NA,NA,NA,NA,NA,NA,NA,NA,NA,NA,NA,NA,NA,NA,NA,NA,NA,NA,NA,NA,NA,NA
Warrick,2017,291,10.482,4703,18173,0.061875398681692534,0.03602061855670103,NA,NA,NA,NA,NA,NA,NA,NA,NA,NA,NA,NA,NA,NA,NA,NA,NA,NA,NA,NA,NA,NA,NA
Warrick,2018,320,12.361,4703,18173,0.06804167552625984,0.038628125,NA,NA,NA,NA,NA,NA,NA,NA,NA,NA,NA,NA,NA,NA,NA,NA,NA,NA,NA,NA,NA,NA,NA
Warrick,2019,314,10.343,4703,18173,0.06676589411014246,0.03293949044585987,NA,NA,NA,NA,NA,NA,NA,NA,NA,NA,NA,NA,NA,NA,NA,NA,NA,NA,NA,NA,NA,NA,NA
Warrick,2020,189,7.989,4703,18173,0.040187114607697215,0.04226984126984127,NA,NA,NA,NA,NA,NA,NA,NA,NA,NA,NA,NA,NA,NA,NA,NA,NA,NA,NA,NA,NA,NA,NA
Warrick,2021,232,9.288,4703,18173,0.04933021475653838,0.04003448275862069,NA,NA,NA,NA,NA,NA,NA,NA,NA,NA,NA,NA,NA,NA,NA,NA,NA,NA,NA,NA,NA,NA,NA
Warrick,2022,237,8.305,4703,18173,0.05039336593663619,0.035042194092827,NA,NA,NA,NA,NA,NA,NA,NA,NA,NA,NA,NA,NA,NA,NA,NA,NA,NA,NA,NA,NA,NA,NA
Washington,2016,41,0.439,2019,18175,0.02030708271421496,0.010707317073170733,NA,NA,NA,NA,NA,NA,NA,NA,NA,NA,NA,NA,NA,NA,NA,NA,NA,NA,NA,NA,NA,NA,NA
Washington,2017,72,0.356,2019,18175,0.03566121842496285,0.004944444444444444,NA,NA,NA,NA,NA,NA,NA,NA,NA,NA,NA,NA,NA,NA,NA,NA,NA,NA,NA,NA,NA,NA,NA
Washington,2018,70,0.558,2019,18175,0.03467062902426944,0.007971428571428572,NA,NA,NA,NA,NA,NA,NA,NA,NA,NA,NA,NA,NA,NA,NA,NA,NA,NA,NA,NA,NA,NA,NA
Washington,2019,72,0.306,2019,18175,0.03566121842496285,0.00425,NA,NA,NA,NA,NA,NA,NA,NA,NA,NA,NA,NA,NA,NA,NA,NA,NA,NA,NA,NA,NA,NA,NA
Washington,2020,49,0.346,2019,18175,0.02426944031698861,0.007061224489795918,NA,NA,NA,NA,NA,NA,NA,NA,NA,NA,NA,NA,NA,NA,NA,NA,NA,NA,NA,NA,NA,NA,NA
Washington,2021,79,0.331,2019,18175,0.0391282813273898,0.004189873417721519,NA,NA,NA,NA,NA,NA,NA,NA,NA,NA,NA,NA,NA,NA,NA,NA,NA,NA,NA,NA,NA,NA,NA
Washington,2022,79,0.504,2019,18175,0.0391282813273898,0.006379746835443038,NA,NA,NA,NA,NA,NA,NA,NA,NA,NA,NA,NA,NA,NA,NA,NA,NA,NA,NA,NA,NA,NA,NA
Wayne,2016,626,66.14,8591,18177,0.07286695378884879,0.10565495207667731,NA,NA,NA,NA,NA,NA,NA,NA,NA,NA,NA,NA,NA,NA,NA,NA,NA,NA,NA,NA,NA,NA,NA
Wayne,2017,725,70.354,8591,18177,0.0843906413688744,0.09704,NA,NA,NA,NA,NA,NA,NA,NA,NA,NA,NA,NA,NA,NA,NA,NA,NA,NA,NA,NA,NA,NA,NA
Wayne,2018,831,88.627,8591,18177,0.09672913514142707,0.10665102286401924,NA,NA,NA,NA,NA,NA,NA,NA,NA,NA,NA,NA,NA,NA,NA,NA,NA,NA,NA,NA,NA,NA,NA
Wayne,2019,883,101.026,8591,18177,0.10278198114305669,0.11441223103057757,NA,NA,NA,NA,NA,NA,NA,NA,NA,NA,NA,NA,NA,NA,NA,NA,NA,NA,NA,NA,NA,NA,NA
Wayne,2020,625,59.551,8591,18177,0.07275055290420207,0.09528160000000001,NA,NA,NA,NA,NA,NA,NA,NA,NA,NA,NA,NA,NA,NA,NA,NA,NA,NA,NA,NA,NA,NA,NA
Wayne,2021,675,71.65,8591,18177,0.07857059713653823,0.10614814814814816,NA,NA,NA,NA,NA,NA,NA,NA,NA,NA,NA,NA,NA,NA,NA,NA,NA,NA,NA,NA,NA,NA,NA
Wayne,2022,584,59.48,8591,18177,0.06797811663368641,0.10184931506849315,NA,NA,NA,NA,NA,NA,NA,NA,NA,NA,NA,NA,NA,NA,NA,NA,NA,NA,NA,NA,NA,NA,NA
Wells,2016,95,2.927,2496,18179,0.03806089743589743,0.030810526315789476,NA,NA,NA,NA,NA,NA,NA,NA,NA,NA,NA,NA,NA,NA,NA,NA,NA,NA,NA,NA,NA,NA,NA
Wells,2017,97,2.166,2496,18179,0.03886217948717949,0.022329896907216495,NA,NA,NA,NA,NA,NA,NA,NA,NA,NA,NA,NA,NA,NA,NA,NA,NA,NA,NA,NA,NA,NA,NA
Wells,2018,106,2.894,2496,18179,0.04246794871794872,0.02730188679245283,NA,NA,NA,NA,NA,NA,NA,NA,NA,NA,NA,NA,NA,NA,NA,NA,NA,NA,NA,NA,NA,NA,NA
Wells,2019,130,4.429,2496,18179,0.052083333333333336,0.03406923076923077,NA,NA,NA,NA,NA,NA,NA,NA,NA,NA,NA,NA,NA,NA,NA,NA,NA,NA,NA,NA,NA,NA,NA
Wells,2020,82,1.908,2496,18179,0.032852564102564104,0.02326829268292683,NA,NA,NA,NA,NA,NA,NA,NA,NA,NA,NA,NA,NA,NA,NA,NA,NA,NA,NA,NA,NA,NA,NA
Wells,2021,70,1.4869999999999999,2496,18179,0.028044871794871796,0.02124285714285714,NA,NA,NA,NA,NA,NA,NA,NA,NA,NA,NA,NA,NA,NA,NA,NA,NA,NA,NA,NA,NA,NA,NA
Wells,2022,108,1.19,2496,18179,0.04326923076923077,0.011018518518518518,NA,NA,NA,NA,NA,NA,NA,NA,NA,NA,NA,NA,NA,NA,NA,NA,NA,NA,NA,NA,NA,NA,NA
White,2016,99,0.517,2067,18181,0.047895500725689405,0.005222222222222223,NA,NA,NA,NA,NA,NA,NA,NA,NA,NA,NA,NA,NA,NA,NA,NA,NA,NA,NA,NA,NA,NA,NA
White,2017,141,0.516,2067,18181,0.06821480406386067,0.0036595744680851063,NA,NA,NA,NA,NA,NA,NA,NA,NA,NA,NA,NA,NA,NA,NA,NA,NA,NA,NA,NA,NA,NA,NA
White,2018,119,0.776,2067,18181,0.05757135945815191,0.006521008403361344,NA,NA,NA,NA,NA,NA,NA,NA,NA,NA,NA,NA,NA,NA,NA,NA,NA,NA,NA,NA,NA,NA,NA
White,2019,130,0.947,2067,18181,0.06289308176100629,0.007284615384615384,NA,NA,NA,NA,NA,NA,NA,NA,NA,NA,NA,NA,NA,NA,NA,NA,NA,NA,NA,NA,NA,NA,NA
White,2020,78,0.614,2067,18181,0.03773584905660377,0.007871794871794872,NA,NA,NA,NA,NA,NA,NA,NA,NA,NA,NA,NA,NA,NA,NA,NA,NA,NA,NA,NA,NA,NA,NA
White,2021,94,0.427,2067,18181,0.045476536042573776,0.004542553191489361,NA,NA,NA,NA,NA,NA,NA,NA,NA,NA,NA,NA,NA,NA,NA,NA,NA,NA,NA,NA,NA,NA,NA
White,2022,111,0.417,2067,18181,0.05370101596516691,0.0037567567567567566,NA,NA,NA,NA,NA,NA,NA,NA,NA,NA,NA,NA,NA,NA,NA,NA,NA,NA,NA,NA,NA,NA,NA
Whitley,2016,135,0.533,2381,18183,0.056698866022679546,0.0039481481481481485,NA,NA,NA,NA,NA,NA,NA,NA,NA,NA,NA,NA,NA,NA,NA,NA,NA,NA,NA,NA,NA,NA,NA
Whitley,2017,148,0.884,2381,18183,0.0621587568248635,0.005972972972972973,NA,NA,NA,NA,NA,NA,NA,NA,NA,NA,NA,NA,NA,NA,NA,NA,NA,NA,NA,NA,NA,NA,NA
Whitley,2018,167,0.6829999999999999,2381,18183,0.07013859722805543,0.004089820359281437,NA,NA,NA,NA,NA,NA,NA,NA,NA,NA,NA,NA,NA,NA,NA,NA,NA,NA,NA,NA,NA,NA,NA
Whitley,2019,143,2.1350000000000002,2381,18183,0.06005879882402352,0.014930069930069931,NA,NA,NA,NA,NA,NA,NA,NA,NA,NA,NA,NA,NA,NA,NA,NA,NA,NA,NA,NA,NA,NA,NA
Whitley,2020,81,0.293,2381,18183,0.034019319613607726,0.003617283950617284,NA,NA,NA,NA,NA,NA,NA,NA,NA,NA,NA,NA,NA,NA,NA,NA,NA,NA,NA,NA,NA,NA,NA
Whitley,2021,136,0.9440000000000001,2381,18183,0.057118857622847546,0.006941176470588235,NA,NA,NA,NA,NA,NA,NA,NA,NA,NA,NA,NA,NA,NA,NA,NA,NA,NA,NA,NA,NA,NA,NA
Whitley,2022,145,0.488,2381,18183,0.06089878202435951,0.0033655172413793104,NA,NA,NA,NA,NA,NA,NA,NA,NA,NA,NA,NA,NA,NA,NA,NA,NA,NA,NA,NA,NA,NA,NA
